filename,filepath,read_success,has_h,has_v,h_shape,v_shape,h_dtype,v_dtype,h_is_complex,v_is_complex,h_has_nan,v_has_nan,h_has_inf,v_has_inf,shape_valid,data_valid,error
20260202_144238_beam1.mat,data/raw/IQ_Data/20260202_144238_beam1.mat,True,True,True,"(128, 100)","(128, 100)",complex64,complex64,True,True,False,False,False,False,True,True,
20260202_144238_beam2.mat,data/raw/IQ_Data/20260202_144238_beam2.mat,True,True,True,"(128, 100)","(128, 100)",complex64,complex64,True,True,False,False,False,False,True,True,
20260202_144238_beam3.mat,data/raw/IQ_Data/20260202_144238_beam3.mat,True,True,True,"(128, 100)","(128, 100)",complex64,complex64,True,True,False,False,False,False,True,True,
20260202_144238_beam4.mat,data/raw/IQ_Data/20260202_144238_beam4.mat,True,True,True,"(128, 100)","(128, 100)",complex64,complex64,True,True,False,False,False,False,True,True,
20260202_144246_beam1.mat,data/raw/IQ_Data/20260202_144246_beam1.mat,True,True,True,"(128, 100)","(128, 100)",complex64,complex64,True,True,False,False,False,False,True,True,
20260202_144246_beam2.mat,data/raw/IQ_Data/20260202_144246_beam2.mat,True,True,True,"(128, 100)","(128, 100)",complex64,complex64,True,True,False,False,False,False,True,True,
20260202_144246_beam3.mat,data/raw/IQ_Data/20260202_144246_beam3.mat,True,True,True,"(128, 100)","(128, 100)",complex64,complex64,True,True,False,False,False,False,True,True,
20260202_144246_beam4.mat,data/raw/IQ_Data/20260202_144246_beam4.mat,True,True,True,"(128, 100)","(128, 100)",complex64,complex64,True,True,False,False,False,False,True,True,
20260202_144246_beam5.mat,data/raw/IQ_Data/20260202_144246_beam5.mat,True,True,True,"(128, 100)","(128, 100)",complex64,complex64,True,True,False,False,False,False,True,True,
20260202_144254_beam1.mat,data/raw/IQ_Data/20260202_144254_beam1.mat,True,True,True,"(128, 100)","(128, 100)",complex64,complex64,True,True,False,False,False,False,True,True,
20260202_144254_beam2.mat,data/raw/IQ_Data/20260202_144254_beam2.mat,True,True,True,"(128, 100)","(128, 100)",complex64,complex64,True,True,False,False,False,False,True,True,
20260202_144254_beam3.mat,data/raw/IQ_Data/20260202_144254_beam3.mat,True,True,True,"(128, 100)","(128, 100)",complex64,complex64,True,True,False,False,False,False,True,True,
20260202_144254_beam4.mat,data/raw/IQ_Data/20260202_144254_beam4.mat,True,True,True,"(128, 100)","(128, 100)",complex64,complex64,True,True,False,False,False,False,True,True,
20260202_144302_beam1.mat,data/raw/IQ_Data/20260202_144302_beam1.mat,True,True,True,"(128, 100)","(128, 100)",complex64,complex64,True,True,False,False,False,False,True,True,
20260202_144302_beam2.mat,data/raw/IQ_Data/20260202_144302_beam2.mat,True,True,True,"(128, 100)","(128, 100)",complex64,complex64,True,True,False,False,False,False,True,True,
20260202_144302_beam3.mat,data/raw/IQ_Data/20260202_144302_beam3.mat,True,True,True,"(128, 100)","(128, 100)",complex64,complex64,True,True,False,False,False,False,True,True,
20260202_144302_beam4.mat,data/raw/IQ_Data/20260202_144302_beam4.mat,True,True,True,"(128, 100)","(128, 100)",complex64,complex64,True,True,False,False,False,False,True,True,
20260202_144302_beam5.mat,data/raw/IQ_Data/20260202_144302_beam5.mat,True,True,True,"(128, 100)","(128, 100)",complex64,complex64,True,True,False,False,False,False,True,True,
20260202_144311_beam1.mat,data/raw/IQ_Data/20260202_144311_beam1.mat,True,True,True,"(128, 100)","(128, 100)",complex64,complex64,True,True,False,False,False,False,True,True,
20260202_144311_beam2.mat,data/raw/IQ_Data/20260202_144311_beam2.mat,True,True,True,"(128, 100)","(128, 100)",complex64,complex64,True,True,False,False,False,False,True,True,
20260202_144311_beam3.mat,data/raw/IQ_Data/20260202_144311_beam3.mat,True,True,True,"(128, 100)","(128, 100)",complex64,complex64,True,True,False,False,False,False,True,True,
20260202_144311_beam4.mat,data/raw/IQ_Data/20260202_144311_beam4.mat,True,True,True,"(128, 100)","(128, 100)",complex64,complex64,True,True,False,False,False,False,True,True,
20260202_144311_beam5.mat,data/raw/IQ_Data/20260202_144311_beam5.mat,True,True,True,"(128, 100)","(128, 100)",complex64,complex64,True,True,False,False,False,False,True,True,
20260202_144319_beam1.mat,data/raw/IQ_Data/20260202_144319_beam1.mat,True,True,True,"(128, 100)","(128, 100)",complex64,complex64,True,True,False,False,False,False,True,True,
20260202_144319_beam2.mat,data/raw/IQ_Data/20260202_144319_beam2.mat,True,True,True,"(128, 100)","(128, 100)",complex64,complex64,True,True,False,False,False,False,True,True,
20260202_144319_beam3.mat,data/raw/IQ_Data/20260202_144319_beam3.mat,True,True,True,"(128, 100)","(128, 100)",complex64,complex64,True,True,False,False,False,False,True,True,
20260202_144319_beam4.mat,data/raw/IQ_Data/20260202_144319_beam4.mat,True,True,True,"(128, 100)","(128, 100)",complex64,complex64,True,True,False,False,False,False,True,True,
20260202_144319_beam5.mat,data/raw/IQ_Data/20260202_144319_beam5.mat,True,True,True,"(128, 100)","(128, 100)",complex64,complex64,True,True,False,False,False,False,True,True,
20260202_144327_beam1.mat,data/raw/IQ_Data/20260202_144327_beam1.mat,True,True,True,"(128, 100)","(128, 100)",complex64,complex64,True,True,False,False,False,False,True,True,
20260202_144327_beam2.mat,data/raw/IQ_Data/20260202_144327_beam2.mat,True,True,True,"(128, 100)","(128, 100)",complex64,complex64,True,True,False,False,False,False,True,True,
20260202_144327_beam3.mat,data/raw/IQ_Data/20260202_144327_beam3.mat,True,True,True,"(128, 100)","(128, 100)",complex64,complex64,True,True,False,False,False,False,True,True,
20260202_144327_beam4.mat,data/raw/IQ_Data/20260202_144327_beam4.mat,True,True,True,"(128, 100)","(128, 100)",complex64,complex64,True,True,False,False,False,False,True,True,
20260202_144327_beam5.mat,data/raw/IQ_Data/20260202_144327_beam5.mat,True,True,True,"(128, 100)","(128, 100)",complex64,complex64,True,True,False,False,False,False,True,True,
20260202_144335_beam1.mat,data/raw/IQ_Data/20260202_144335_beam1.mat,True,True,True,"(128, 100)","(128, 100)",complex64,complex64,True,True,False,False,False,False,True,True,
20260202_144335_beam2.mat,data/raw/IQ_Data/20260202_144335_beam2.mat,True,True,True,"(128, 100)","(128, 100)",complex64,complex64,True,True,False,False,False,False,True,True,
20260202_144335_beam3.mat,data/raw/IQ_Data/20260202_144335_beam3.mat,True,True,True,"(128, 100)","(128, 100)",complex64,complex64,True,True,False,False,False,False,True,True,
20260202_144335_beam4.mat,data/raw/IQ_Data/20260202_144335_beam4.mat,True,True,True,"(128, 100)","(128, 100)",complex64,complex64,True,True,False,False,False,False,True,True,
20260202_144335_beam5.mat,data/raw/IQ_Data/20260202_144335_beam5.mat,True,True,True,"(128, 100)","(128, 100)",complex64,complex64,True,True,False,False,False,False,True,True,
20260202_144344_beam1.mat,data/raw/IQ_Data/20260202_144344_beam1.mat,True,True,True,"(128, 100)","(128, 100)",complex64,complex64,True,True,False,False,False,False,True,True,
20260202_144344_beam2.mat,data/raw/IQ_Data/20260202_144344_beam2.mat,True,True,True,"(128, 100)","(128, 100)",complex64,complex64,True,True,False,False,False,False,True,True,
20260202_144344_beam3.mat,data/raw/IQ_Data/20260202_144344_beam3.mat,True,True,True,"(128, 100)","(128, 100)",complex64,complex64,True,True,False,False,False,False,True,True,
20260202_144344_beam4.mat,data/raw/IQ_Data/20260202_144344_beam4.mat,True,True,True,"(128, 100)","(128, 100)",complex64,complex64,True,True,False,False,False,False,True,True,
20260202_144344_beam5.mat,data/raw/IQ_Data/20260202_144344_beam5.mat,True,True,True,"(128, 100)","(128, 100)",complex64,complex64,True,True,False,False,False,False,True,True,
20260202_144352_beam1.mat,data/raw/IQ_Data/20260202_144352_beam1.mat,True,True,True,"(128, 100)","(128, 100)",complex64,complex64,True,True,False,False,False,False,True,True,
20260202_144352_beam2.mat,data/raw/IQ_Data/20260202_144352_beam2.mat,True,True,True,"(128, 100)","(128, 100)",complex64,complex64,True,True,False,False,False,False,True,True,
20260202_144352_beam3.mat,data/raw/IQ_Data/20260202_144352_beam3.mat,True,True,True,"(128, 100)","(128, 100)",complex64,complex64,True,True,False,False,False,False,True,True,
20260202_144352_beam4.mat,data/raw/IQ_Data/20260202_144352_beam4.mat,True,True,True,"(128, 100)","(128, 100)",complex64,complex64,True,True,False,False,False,False,True,True,
20260202_144352_beam5.mat,data/raw/IQ_Data/20260202_144352_beam5.mat,True,True,True,"(128, 100)","(128, 100)",complex64,complex64,True,True,False,False,False,False,True,True,
20260202_144417_beam1.mat,data/raw/IQ_Data/20260202_144417_beam1.mat,True,True,True,"(128, 100)","(128, 100)",complex64,complex64,True,True,False,False,False,False,True,True,
20260202_144417_beam2.mat,data/raw/IQ_Data/20260202_144417_beam2.mat,True,True,True,"(128, 100)","(128, 100)",complex64,complex64,True,True,False,False,False,False,True,True,
20260202_144417_beam3.mat,data/raw/IQ_Data/20260202_144417_beam3.mat,True,True,True,"(128, 100)","(128, 100)",complex64,complex64,True,True,False,False,False,False,True,True,
20260202_144417_beam4.mat,data/raw/IQ_Data/20260202_144417_beam4.mat,True,True,True,"(128, 100)","(128, 100)",complex64,complex64,True,True,False,False,False,False,True,True,
20260202_144417_beam5.mat,data/raw/IQ_Data/20260202_144417_beam5.mat,True,True,True,"(128, 100)","(128, 100)",complex64,complex64,True,True,False,False,False,False,True,True,
20260202_144425_beam1.mat,data/raw/IQ_Data/20260202_144425_beam1.mat,True,True,True,"(128, 100)","(128, 100)",complex64,complex64,True,True,False,False,False,False,True,True,
20260202_144425_beam2.mat,data/raw/IQ_Data/20260202_144425_beam2.mat,True,True,True,"(128, 100)","(128, 100)",complex64,complex64,True,True,False,False,False,False,True,True,
20260202_144425_beam3.mat,data/raw/IQ_Data/20260202_144425_beam3.mat,True,True,True,"(128, 100)","(128, 100)",complex64,complex64,True,True,False,False,False,False,True,True,
20260202_144425_beam4.mat,data/raw/IQ_Data/20260202_144425_beam4.mat,True,True,True,"(128, 100)","(128, 100)",complex64,complex64,True,True,False,False,False,False,True,True,
20260202_144425_beam5.mat,data/raw/IQ_Data/20260202_144425_beam5.mat,True,True,True,"(128, 100)","(128, 100)",complex64,complex64,True,True,False,False,False,False,True,True,
20260202_144433_beam1.mat,data/raw/IQ_Data/20260202_144433_beam1.mat,True,True,True,"(128, 100)","(128, 100)",complex64,complex64,True,True,False,False,False,False,True,True,
20260202_144433_beam2.mat,data/raw/IQ_Data/20260202_144433_beam2.mat,True,True,True,"(128, 100)","(128, 100)",complex64,complex64,True,True,False,False,False,False,True,True,
20260202_144433_beam3.mat,data/raw/IQ_Data/20260202_144433_beam3.mat,True,True,True,"(128, 100)","(128, 100)",complex64,complex64,True,True,False,False,False,False,True,True,
20260202_144433_beam4.mat,data/raw/IQ_Data/20260202_144433_beam4.mat,True,True,True,"(128, 100)","(128, 100)",complex64,complex64,True,True,False,False,False,False,True,True,
20260202_144433_beam5.mat,data/raw/IQ_Data/20260202_144433_beam5.mat,True,True,True,"(128, 100)","(128, 100)",complex64,complex64,True,True,False,False,False,False,True,True,
20260202_144458_beam1.mat,data/raw/IQ_Data/20260202_144458_beam1.mat,True,True,True,"(128, 100)","(128, 100)",complex64,complex64,True,True,False,False,False,False,True,True,
20260202_144458_beam2.mat,data/raw/IQ_Data/20260202_144458_beam2.mat,True,True,True,"(128, 100)","(128, 100)",complex64,complex64,True,True,False,False,False,False,True,True,
20260202_144458_beam3.mat,data/raw/IQ_Data/20260202_144458_beam3.mat,True,True,True,"(128, 100)","(128, 100)",complex64,complex64,True,True,False,False,False,False,True,True,
20260202_144458_beam4.mat,data/raw/IQ_Data/20260202_144458_beam4.mat,True,True,True,"(128, 100)","(128, 100)",complex64,complex64,True,True,False,False,False,False,True,True,
20260202_144458_beam5.mat,data/raw/IQ_Data/20260202_144458_beam5.mat,True,True,True,"(128, 100)","(128, 100)",complex64,complex64,True,True,False,False,False,False,True,True,
20260202_144506_beam1.mat,data/raw/IQ_Data/20260202_144506_beam1.mat,True,True,True,"(128, 100)","(128, 100)",complex64,complex64,True,True,False,False,False,False,True,True,
20260202_144506_beam2.mat,data/raw/IQ_Data/20260202_144506_beam2.mat,True,True,True,"(128, 100)","(128, 100)",complex64,complex64,True,True,False,False,False,False,True,True,
20260202_144506_beam3.mat,data/raw/IQ_Data/20260202_144506_beam3.mat,True,True,True,"(128, 100)","(128, 100)",complex64,complex64,True,True,False,False,False,False,True,True,
20260202_144506_beam4.mat,data/raw/IQ_Data/20260202_144506_beam4.mat,True,True,True,"(128, 100)","(128, 100)",complex64,complex64,True,True,False,False,False,False,True,True,
20260202_144506_beam5.mat,data/raw/IQ_Data/20260202_144506_beam5.mat,True,True,True,"(128, 100)","(128, 100)",complex64,complex64,True,True,False,False,False,False,True,True,
20260202_144515_beam1.mat,data/raw/IQ_Data/20260202_144515_beam1.mat,True,True,True,"(128, 100)","(128, 100)",complex64,complex64,True,True,False,False,False,False,True,True,
20260202_144515_beam2.mat,data/raw/IQ_Data/20260202_144515_beam2.mat,True,True,True,"(128, 100)","(128, 100)",complex64,complex64,True,True,False,False,False,False,True,True,
20260202_144515_beam3.mat,data/raw/IQ_Data/20260202_144515_beam3.mat,True,True,True,"(128, 100)","(128, 100)",complex64,complex64,True,True,False,False,False,False,True,True,
20260202_144515_beam4.mat,data/raw/IQ_Data/20260202_144515_beam4.mat,True,True,True,"(128, 100)","(128, 100)",complex64,complex64,True,True,False,False,False,False,True,True,
20260202_144515_beam5.mat,data/raw/IQ_Data/20260202_144515_beam5.mat,True,True,True,"(128, 100)","(128, 100)",complex64,complex64,True,True,False,False,False,False,True,True,
20260202_144523_beam1.mat,data/raw/IQ_Data/20260202_144523_beam1.mat,True,True,True,"(128, 100)","(128, 100)",complex64,complex64,True,True,False,False,False,False,True,True,
20260202_144523_beam2.mat,data/raw/IQ_Data/20260202_144523_beam2.mat,True,True,True,"(128, 100)","(128, 100)",complex64,complex64,True,True,False,False,False,False,True,True,
20260202_144523_beam3.mat,data/raw/IQ_Data/20260202_144523_beam3.mat,True,True,True,"(128, 100)","(128, 100)",complex64,complex64,True,True,False,False,False,False,True,True,
20260202_144523_beam4.mat,data/raw/IQ_Data/20260202_144523_beam4.mat,True,True,True,"(128, 100)","(128, 100)",complex64,complex64,True,True,False,False,False,False,True,True,
20260202_144523_beam5.mat,data/raw/IQ_Data/20260202_144523_beam5.mat,True,True,True,"(128, 100)","(128, 100)",complex64,complex64,True,True,False,False,False,False,True,True,
20260202_144539_beam1.mat,data/raw/IQ_Data/20260202_144539_beam1.mat,True,True,True,"(128, 100)","(128, 100)",complex64,complex64,True,True,False,False,False,False,True,True,
20260202_144539_beam2.mat,data/raw/IQ_Data/20260202_144539_beam2.mat,True,True,True,"(128, 100)","(128, 100)",complex64,complex64,True,True,False,False,False,False,True,True,
20260202_144539_beam3.mat,data/raw/IQ_Data/20260202_144539_beam3.mat,True,True,True,"(128, 100)","(128, 100)",complex64,complex64,True,True,False,False,False,False,True,True,
20260202_144539_beam4.mat,data/raw/IQ_Data/20260202_144539_beam4.mat,True,True,True,"(128, 100)","(128, 100)",complex64,complex64,True,True,False,False,False,False,True,True,
20260202_144548_beam1.mat,data/raw/IQ_Data/20260202_144548_beam1.mat,True,True,True,"(128, 100)","(128, 100)",complex64,complex64,True,True,False,False,False,False,True,True,
20260202_144548_beam2.mat,data/raw/IQ_Data/20260202_144548_beam2.mat,True,True,True,"(128, 100)","(128, 100)",complex64,complex64,True,True,False,False,False,False,True,True,
20260202_144548_beam3.mat,data/raw/IQ_Data/20260202_144548_beam3.mat,True,True,True,"(128, 100)","(128, 100)",complex64,complex64,True,True,False,False,False,False,True,True,
20260202_144548_beam4.mat,data/raw/IQ_Data/20260202_144548_beam4.mat,True,True,True,"(128, 100)","(128, 100)",complex64,complex64,True,True,False,False,False,False,True,True,
20260202_144556_beam1.mat,data/raw/IQ_Data/20260202_144556_beam1.mat,True,True,True,"(128, 100)","(128, 100)",complex64,complex64,True,True,False,False,False,False,True,True,
20260202_144556_beam2.mat,data/raw/IQ_Data/20260202_144556_beam2.mat,True,True,True,"(128, 100)","(128, 100)",complex64,complex64,True,True,False,False,False,False,True,True,
20260202_144556_beam3.mat,data/raw/IQ_Data/20260202_144556_beam3.mat,True,True,True,"(128, 100)","(128, 100)",complex64,complex64,True,True,False,False,False,False,True,True,
20260202_144604_beam1.mat,data/raw/IQ_Data/20260202_144604_beam1.mat,True,True,True,"(128, 100)","(128, 100)",complex64,complex64,True,True,False,False,False,False,True,True,
20260202_144604_beam2.mat,data/raw/IQ_Data/20260202_144604_beam2.mat,True,True,True,"(128, 100)","(128, 100)",complex64,complex64,True,True,False,False,False,False,True,True,
20260202_144604_beam3.mat,data/raw/IQ_Data/20260202_144604_beam3.mat,True,True,True,"(128, 100)","(128, 100)",complex64,complex64,True,True,False,False,False,False,True,True,
20260202_144604_beam4.mat,data/raw/IQ_Data/20260202_144604_beam4.mat,True,True,True,"(128, 100)","(128, 100)",complex64,complex64,True,True,False,False,False,False,True,True,
20260202_144613_beam1.mat,data/raw/IQ_Data/20260202_144613_beam1.mat,True,True,True,"(128, 100)","(128, 100)",complex64,complex64,True,True,False,False,False,False,True,True,
20260202_144613_beam2.mat,data/raw/IQ_Data/20260202_144613_beam2.mat,True,True,True,"(128, 100)","(128, 100)",complex64,complex64,True,True,False,False,False,False,True,True,
20260202_144613_beam3.mat,data/raw/IQ_Data/20260202_144613_beam3.mat,True,True,True,"(128, 100)","(128, 100)",complex64,complex64,True,True,False,False,False,False,True,True,
20260202_144613_beam4.mat,data/raw/IQ_Data/20260202_144613_beam4.mat,True,True,True,"(128, 100)","(128, 100)",complex64,complex64,True,True,False,False,False,False,True,True,
20260202_144629_beam1.mat,data/raw/IQ_Data/20260202_144629_beam1.mat,True,True,True,"(128, 100)","(128, 100)",complex64,complex64,True,True,False,False,False,False,True,True,
20260202_144629_beam2.mat,data/raw/IQ_Data/20260202_144629_beam2.mat,True,True,True,"(128, 100)","(128, 100)",complex64,complex64,True,True,False,False,False,False,True,True,
20260202_144629_beam3.mat,data/raw/IQ_Data/20260202_144629_beam3.mat,True,True,True,"(128, 100)","(128, 100)",complex64,complex64,True,True,False,False,False,False,True,True,
20260202_144629_beam4.mat,data/raw/IQ_Data/20260202_144629_beam4.mat,True,True,True,"(128, 100)","(128, 100)",complex64,complex64,True,True,False,False,False,False,True,True,
20260202_144637_beam1.mat,data/raw/IQ_Data/20260202_144637_beam1.mat,True,True,True,"(128, 100)","(128, 100)",complex64,complex64,True,True,False,False,False,False,True,True,
20260202_144637_beam2.mat,data/raw/IQ_Data/20260202_144637_beam2.mat,True,True,True,"(128, 100)","(128, 100)",complex64,complex64,True,True,False,False,False,False,True,True,
20260202_144637_beam3.mat,data/raw/IQ_Data/20260202_144637_beam3.mat,True,True,True,"(128, 100)","(128, 100)",complex64,complex64,True,True,False,False,False,False,True,True,
20260202_144637_beam4.mat,data/raw/IQ_Data/20260202_144637_beam4.mat,True,True,True,"(128, 100)","(128, 100)",complex64,complex64,True,True,False,False,False,False,True,True,
20260202_144645_beam1.mat,data/raw/IQ_Data/20260202_144645_beam1.mat,True,True,True,"(128, 100)","(128, 100)",complex64,complex64,True,True,False,False,False,False,True,True,
20260202_144645_beam2.mat,data/raw/IQ_Data/20260202_144645_beam2.mat,True,True,True,"(128, 100)","(128, 100)",complex64,complex64,True,True,False,False,False,False,True,True,
20260202_144645_beam3.mat,data/raw/IQ_Data/20260202_144645_beam3.mat,True,True,True,"(128, 100)","(128, 100)",complex64,complex64,True,True,False,False,False,False,True,True,
20260202_144645_beam4.mat,data/raw/IQ_Data/20260202_144645_beam4.mat,True,True,True,"(128, 100)","(128, 100)",complex64,complex64,True,True,False,False,False,False,True,True,
20260202_144710_beam1.mat,data/raw/IQ_Data/20260202_144710_beam1.mat,True,True,True,"(128, 100)","(128, 100)",complex64,complex64,True,True,False,False,False,False,True,True,
20260202_144710_beam2.mat,data/raw/IQ_Data/20260202_144710_beam2.mat,True,True,True,"(128, 100)","(128, 100)",complex64,complex64,True,True,False,False,False,False,True,True,
20260202_144710_beam3.mat,data/raw/IQ_Data/20260202_144710_beam3.mat,True,True,True,"(128, 100)","(128, 100)",complex64,complex64,True,True,False,False,False,False,True,True,
20260202_144710_beam4.mat,data/raw/IQ_Data/20260202_144710_beam4.mat,True,True,True,"(128, 100)","(128, 100)",complex64,complex64,True,True,False,False,False,False,True,True,
20260202_144718_beam1.mat,data/raw/IQ_Data/20260202_144718_beam1.mat,True,True,True,"(128, 100)","(128, 100)",complex64,complex64,True,True,False,False,False,False,True,True,
20260202_144718_beam2.mat,data/raw/IQ_Data/20260202_144718_beam2.mat,True,True,True,"(128, 100)","(128, 100)",complex64,complex64,True,True,False,False,False,False,True,True,
20260202_144718_beam3.mat,data/raw/IQ_Data/20260202_144718_beam3.mat,True,True,True,"(128, 100)","(128, 100)",complex64,complex64,True,True,False,False,False,False,True,True,
20260202_144718_beam4.mat,data/raw/IQ_Data/20260202_144718_beam4.mat,True,True,True,"(128, 100)","(128, 100)",complex64,complex64,True,True,False,False,False,False,True,True,
20260202_144727_beam1.mat,data/raw/IQ_Data/20260202_144727_beam1.mat,True,True,True,"(128, 100)","(128, 100)",complex64,complex64,True,True,False,False,False,False,True,True,
20260202_144727_beam2.mat,data/raw/IQ_Data/20260202_144727_beam2.mat,True,True,True,"(128, 100)","(128, 100)",complex64,complex64,True,True,False,False,False,False,True,True,
20260202_144727_beam3.mat,data/raw/IQ_Data/20260202_144727_beam3.mat,True,True,True,"(128, 100)","(128, 100)",complex64,complex64,True,True,False,False,False,False,True,True,
20260202_144727_beam4.mat,data/raw/IQ_Data/20260202_144727_beam4.mat,True,True,True,"(128, 100)","(128, 100)",complex64,complex64,True,True,False,False,False,False,True,True,
20260202_144735_beam1.mat,data/raw/IQ_Data/20260202_144735_beam1.mat,True,True,True,"(128, 100)","(128, 100)",complex64,complex64,True,True,False,False,False,False,True,True,
20260202_144735_beam2.mat,data/raw/IQ_Data/20260202_144735_beam2.mat,True,True,True,"(128, 100)","(128, 100)",complex64,complex64,True,True,False,False,False,False,True,True,
20260202_144735_beam3.mat,data/raw/IQ_Data/20260202_144735_beam3.mat,True,True,True,"(128, 100)","(128, 100)",complex64,complex64,True,True,False,False,False,False,True,True,
20260202_144735_beam4.mat,data/raw/IQ_Data/20260202_144735_beam4.mat,True,True,True,"(128, 100)","(128, 100)",complex64,complex64,True,True,False,False,False,False,True,True,
20260202_144751_beam1.mat,data/raw/IQ_Data/20260202_144751_beam1.mat,True,True,True,"(128, 100)","(128, 100)",complex64,complex64,True,True,False,False,False,False,True,True,
20260202_144751_beam2.mat,data/raw/IQ_Data/20260202_144751_beam2.mat,True,True,True,"(128, 100)","(128, 100)",complex64,complex64,True,True,False,False,False,False,True,True,
20260202_144751_beam3.mat,data/raw/IQ_Data/20260202_144751_beam3.mat,True,True,True,"(128, 100)","(128, 100)",complex64,complex64,True,True,False,False,False,False,True,True,
20260202_144751_beam4.mat,data/raw/IQ_Data/20260202_144751_beam4.mat,True,True,True,"(128, 100)","(128, 100)",complex64,complex64,True,True,False,False,False,False,True,True,
20260202_144751_beam5.mat,data/raw/IQ_Data/20260202_144751_beam5.mat,True,True,True,"(128, 100)","(128, 100)",complex64,complex64,True,True,False,False,False,False,True,True,
20260202_144800_beam1.mat,data/raw/IQ_Data/20260202_144800_beam1.mat,True,True,True,"(128, 100)","(128, 100)",complex64,complex64,True,True,False,False,False,False,True,True,
20260202_144800_beam2.mat,data/raw/IQ_Data/20260202_144800_beam2.mat,True,True,True,"(128, 100)","(128, 100)",complex64,complex64,True,True,False,False,False,False,True,True,
20260202_144800_beam3.mat,data/raw/IQ_Data/20260202_144800_beam3.mat,True,True,True,"(128, 100)","(128, 100)",complex64,complex64,True,True,False,False,False,False,True,True,
20260202_144800_beam4.mat,data/raw/IQ_Data/20260202_144800_beam4.mat,True,True,True,"(128, 100)","(128, 100)",complex64,complex64,True,True,False,False,False,False,True,True,
20260202_144808_beam1.mat,data/raw/IQ_Data/20260202_144808_beam1.mat,True,True,True,"(128, 100)","(128, 100)",complex64,complex64,True,True,False,False,False,False,True,True,
20260202_144808_beam2.mat,data/raw/IQ_Data/20260202_144808_beam2.mat,True,True,True,"(128, 100)","(128, 100)",complex64,complex64,True,True,False,False,False,False,True,True,
20260202_144808_beam3.mat,data/raw/IQ_Data/20260202_144808_beam3.mat,True,True,True,"(128, 100)","(128, 100)",complex64,complex64,True,True,False,False,False,False,True,True,
20260202_144808_beam4.mat,data/raw/IQ_Data/20260202_144808_beam4.mat,True,True,True,"(128, 100)","(128, 100)",complex64,complex64,True,True,False,False,False,False,True,True,
20260202_144816_beam1.mat,data/raw/IQ_Data/20260202_144816_beam1.mat,True,True,True,"(128, 100)","(128, 100)",complex64,complex64,True,True,False,False,False,False,True,True,
20260202_144816_beam2.mat,data/raw/IQ_Data/20260202_144816_beam2.mat,True,True,True,"(128, 100)","(128, 100)",complex64,complex64,True,True,False,False,False,False,True,True,
20260202_144816_beam3.mat,data/raw/IQ_Data/20260202_144816_beam3.mat,True,True,True,"(128, 100)","(128, 100)",complex64,complex64,True,True,False,False,False,False,True,True,
20260202_144816_beam4.mat,data/raw/IQ_Data/20260202_144816_beam4.mat,True,True,True,"(128, 100)","(128, 100)",complex64,complex64,True,True,False,False,False,False,True,True,
20260202_144816_beam5.mat,data/raw/IQ_Data/20260202_144816_beam5.mat,True,True,True,"(128, 100)","(128, 100)",complex64,complex64,True,True,False,False,False,False,True,True,
20260202_144825_beam1.mat,data/raw/IQ_Data/20260202_144825_beam1.mat,True,True,True,"(128, 100)","(128, 100)",complex64,complex64,True,True,False,False,False,False,True,True,
20260202_144825_beam2.mat,data/raw/IQ_Data/20260202_144825_beam2.mat,True,True,True,"(128, 100)","(128, 100)",complex64,complex64,True,True,False,False,False,False,True,True,
20260202_144825_beam3.mat,data/raw/IQ_Data/20260202_144825_beam3.mat,True,True,True,"(128, 100)","(128, 100)",complex64,complex64,True,True,False,False,False,False,True,True,
20260202_144825_beam4.mat,data/raw/IQ_Data/20260202_144825_beam4.mat,True,True,True,"(128, 100)","(128, 100)",complex64,complex64,True,True,False,False,False,False,True,True,
20260202_144825_beam5.mat,data/raw/IQ_Data/20260202_144825_beam5.mat,True,True,True,"(128, 100)","(128, 100)",complex64,complex64,True,True,False,False,False,False,True,True,
20260202_144833_beam1.mat,data/raw/IQ_Data/20260202_144833_beam1.mat,True,True,True,"(128, 100)","(128, 100)",complex64,complex64,True,True,False,False,False,False,True,True,
20260202_144833_beam2.mat,data/raw/IQ_Data/20260202_144833_beam2.mat,True,True,True,"(128, 100)","(128, 100)",complex64,complex64,True,True,False,False,False,False,True,True,
20260202_144833_beam3.mat,data/raw/IQ_Data/20260202_144833_beam3.mat,True,True,True,"(128, 100)","(128, 100)",complex64,complex64,True,True,False,False,False,False,True,True,
20260202_144833_beam4.mat,data/raw/IQ_Data/20260202_144833_beam4.mat,True,True,True,"(128, 100)","(128, 100)",complex64,complex64,True,True,False,False,False,False,True,True,
20260202_144833_beam5.mat,data/raw/IQ_Data/20260202_144833_beam5.mat,True,True,True,"(128, 100)","(128, 100)",complex64,complex64,True,True,False,False,False,False,True,True,
20260202_144841_beam1.mat,data/raw/IQ_Data/20260202_144841_beam1.mat,True,True,True,"(128, 100)","(128, 100)",complex64,complex64,True,True,False,False,False,False,True,True,
20260202_144841_beam2.mat,data/raw/IQ_Data/20260202_144841_beam2.mat,True,True,True,"(128, 100)","(128, 100)",complex64,complex64,True,True,False,False,False,False,True,True,
20260202_144841_beam3.mat,data/raw/IQ_Data/20260202_144841_beam3.mat,True,True,True,"(128, 100)","(128, 100)",complex64,complex64,True,True,False,False,False,False,True,True,
20260202_144841_beam4.mat,data/raw/IQ_Data/20260202_144841_beam4.mat,True,True,True,"(128, 100)","(128, 100)",complex64,complex64,True,True,False,False,False,False,True,True,
20260202_144849_beam1.mat,data/raw/IQ_Data/20260202_144849_beam1.mat,True,True,True,"(128, 100)","(128, 100)",complex64,complex64,True,True,False,False,False,False,True,True,
20260202_144849_beam2.mat,data/raw/IQ_Data/20260202_144849_beam2.mat,True,True,True,"(128, 100)","(128, 100)",complex64,complex64,True,True,False,False,False,False,True,True,
20260202_144849_beam3.mat,data/raw/IQ_Data/20260202_144849_beam3.mat,True,True,True,"(128, 100)","(128, 100)",complex64,complex64,True,True,False,False,False,False,True,True,
20260202_144849_beam4.mat,data/raw/IQ_Data/20260202_144849_beam4.mat,True,True,True,"(128, 100)","(128, 100)",complex64,complex64,True,True,False,False,False,False,True,True,
20260202_144857_beam1.mat,data/raw/IQ_Data/20260202_144857_beam1.mat,True,True,True,"(128, 100)","(128, 100)",complex64,complex64,True,True,False,False,False,False,True,True,
20260202_144857_beam2.mat,data/raw/IQ_Data/20260202_144857_beam2.mat,True,True,True,"(128, 100)","(128, 100)",complex64,complex64,True,True,False,False,False,False,True,True,
20260202_144857_beam3.mat,data/raw/IQ_Data/20260202_144857_beam3.mat,True,True,True,"(128, 100)","(128, 100)",complex64,complex64,True,True,False,False,False,False,True,True,
20260202_144857_beam4.mat,data/raw/IQ_Data/20260202_144857_beam4.mat,True,True,True,"(128, 100)","(128, 100)",complex64,complex64,True,True,False,False,False,False,True,True,
20260202_144906_beam1.mat,data/raw/IQ_Data/20260202_144906_beam1.mat,True,True,True,"(128, 100)","(128, 100)",complex64,complex64,True,True,False,False,False,False,True,True,
20260202_144906_beam2.mat,data/raw/IQ_Data/20260202_144906_beam2.mat,True,True,True,"(128, 100)","(128, 100)",complex64,complex64,True,True,False,False,False,False,True,True,
20260202_144906_beam3.mat,data/raw/IQ_Data/20260202_144906_beam3.mat,True,True,True,"(128, 100)","(128, 100)",complex64,complex64,True,True,False,False,False,False,True,True,
20260202_144906_beam4.mat,data/raw/IQ_Data/20260202_144906_beam4.mat,True,True,True,"(128, 100)","(128, 100)",complex64,complex64,True,True,False,False,False,False,True,True,
20260202_144914_beam1.mat,data/raw/IQ_Data/20260202_144914_beam1.mat,True,True,True,"(128, 100)","(128, 100)",complex64,complex64,True,True,False,False,False,False,True,True,
20260202_144914_beam2.mat,data/raw/IQ_Data/20260202_144914_beam2.mat,True,True,True,"(128, 100)","(128, 100)",complex64,complex64,True,True,False,False,False,False,True,True,
20260202_144914_beam3.mat,data/raw/IQ_Data/20260202_144914_beam3.mat,True,True,True,"(128, 100)","(128, 100)",complex64,complex64,True,True,False,False,False,False,True,True,
20260202_144914_beam4.mat,data/raw/IQ_Data/20260202_144914_beam4.mat,True,True,True,"(128, 100)","(128, 100)",complex64,complex64,True,True,False,False,False,False,True,True,
20260202_144922_beam1.mat,data/raw/IQ_Data/20260202_144922_beam1.mat,True,True,True,"(128, 100)","(128, 100)",complex64,complex64,True,True,False,False,False,False,True,True,
20260202_144922_beam2.mat,data/raw/IQ_Data/20260202_144922_beam2.mat,True,True,True,"(128, 100)","(128, 100)",complex64,complex64,True,True,False,False,False,False,True,True,
20260202_144922_beam3.mat,data/raw/IQ_Data/20260202_144922_beam3.mat,True,True,True,"(128, 100)","(128, 100)",complex64,complex64,True,True,False,False,False,False,True,True,
20260202_144922_beam4.mat,data/raw/IQ_Data/20260202_144922_beam4.mat,True,True,True,"(128, 100)","(128, 100)",complex64,complex64,True,True,False,False,False,False,True,True,
20260202_144922_beam5.mat,data/raw/IQ_Data/20260202_144922_beam5.mat,True,True,True,"(128, 100)","(128, 100)",complex64,complex64,True,True,False,False,False,False,True,True,
20260202_144931_beam1.mat,data/raw/IQ_Data/20260202_144931_beam1.mat,True,True,True,"(128, 100)","(128, 100)",complex64,complex64,True,True,False,False,False,False,True,True,
20260202_144931_beam2.mat,data/raw/IQ_Data/20260202_144931_beam2.mat,True,True,True,"(128, 100)","(128, 100)",complex64,complex64,True,True,False,False,False,False,True,True,
20260202_144931_beam3.mat,data/raw/IQ_Data/20260202_144931_beam3.mat,True,True,True,"(128, 100)","(128, 100)",complex64,complex64,True,True,False,False,False,False,True,True,
20260202_144931_beam4.mat,data/raw/IQ_Data/20260202_144931_beam4.mat,True,True,True,"(128, 100)","(128, 100)",complex64,complex64,True,True,False,False,False,False,True,True,
20260202_144939_beam1.mat,data/raw/IQ_Data/20260202_144939_beam1.mat,True,True,True,"(128, 100)","(128, 100)",complex64,complex64,True,True,False,False,False,False,True,True,
20260202_144939_beam2.mat,data/raw/IQ_Data/20260202_144939_beam2.mat,True,True,True,"(128, 100)","(128, 100)",complex64,complex64,True,True,False,False,False,False,True,True,
20260202_144939_beam3.mat,data/raw/IQ_Data/20260202_144939_beam3.mat,True,True,True,"(128, 100)","(128, 100)",complex64,complex64,True,True,False,False,False,False,True,True,
20260202_144939_beam4.mat,data/raw/IQ_Data/20260202_144939_beam4.mat,True,True,True,"(128, 100)","(128, 100)",complex64,complex64,True,True,False,False,False,False,True,True,
20260202_144939_beam5.mat,data/raw/IQ_Data/20260202_144939_beam5.mat,True,True,True,"(128, 100)","(128, 100)",complex64,complex64,True,True,False,False,False,False,True,True,
20260202_144947_beam1.mat,data/raw/IQ_Data/20260202_144947_beam1.mat,True,True,True,"(128, 100)","(128, 100)",complex64,complex64,True,True,False,False,False,False,True,True,
20260202_144947_beam2.mat,data/raw/IQ_Data/20260202_144947_beam2.mat,True,True,True,"(128, 100)","(128, 100)",complex64,complex64,True,True,False,False,False,False,True,True,
20260202_144947_beam3.mat,data/raw/IQ_Data/20260202_144947_beam3.mat,True,True,True,"(128, 100)","(128, 100)",complex64,complex64,True,True,False,False,False,False,True,True,
20260202_144947_beam4.mat,data/raw/IQ_Data/20260202_144947_beam4.mat,True,True,True,"(128, 100)","(128, 100)",complex64,complex64,True,True,False,False,False,False,True,True,
20260202_144947_beam5.mat,data/raw/IQ_Data/20260202_144947_beam5.mat,True,True,True,"(128, 100)","(128, 100)",complex64,complex64,True,True,False,False,False,False,True,True,
20260202_144955_beam1.mat,data/raw/IQ_Data/20260202_144955_beam1.mat,True,True,True,"(128, 100)","(128, 100)",complex64,complex64,True,True,False,False,False,False,True,True,
20260202_144955_beam2.mat,data/raw/IQ_Data/20260202_144955_beam2.mat,True,True,True,"(128, 100)","(128, 100)",complex64,complex64,True,True,False,False,False,False,True,True,
20260202_144955_beam3.mat,data/raw/IQ_Data/20260202_144955_beam3.mat,True,True,True,"(128, 100)","(128, 100)",complex64,complex64,True,True,False,False,False,False,True,True,
20260202_144955_beam4.mat,data/raw/IQ_Data/20260202_144955_beam4.mat,True,True,True,"(128, 100)","(128, 100)",complex64,complex64,True,True,False,False,False,False,True,True,
20260202_144955_beam5.mat,data/raw/IQ_Data/20260202_144955_beam5.mat,True,True,True,"(128, 100)","(128, 100)",complex64,complex64,True,True,False,False,False,False,True,True,
20260202_145004_beam1.mat,data/raw/IQ_Data/20260202_145004_beam1.mat,True,True,True,"(128, 100)","(128, 100)",complex64,complex64,True,True,False,False,False,False,True,True,
20260202_145004_beam2.mat,data/raw/IQ_Data/20260202_145004_beam2.mat,True,True,True,"(128, 100)","(128, 100)",complex64,complex64,True,True,False,False,False,False,True,True,
20260202_145004_beam3.mat,data/raw/IQ_Data/20260202_145004_beam3.mat,True,True,True,"(128, 100)","(128, 100)",complex64,complex64,True,True,False,False,False,False,True,True,
20260202_145004_beam4.mat,data/raw/IQ_Data/20260202_145004_beam4.mat,True,True,True,"(128, 100)","(128, 100)",complex64,complex64,True,True,False,False,False,False,True,True,
20260202_145012_beam1.mat,data/raw/IQ_Data/20260202_145012_beam1.mat,True,True,True,"(128, 100)","(128, 100)",complex64,complex64,True,True,False,False,False,False,True,True,
20260202_145012_beam2.mat,data/raw/IQ_Data/20260202_145012_beam2.mat,True,True,True,"(128, 100)","(128, 100)",complex64,complex64,True,True,False,False,False,False,True,True,
20260202_145012_beam3.mat,data/raw/IQ_Data/20260202_145012_beam3.mat,True,True,True,"(128, 100)","(128, 100)",complex64,complex64,True,True,False,False,False,False,True,True,
20260202_145012_beam4.mat,data/raw/IQ_Data/20260202_145012_beam4.mat,True,True,True,"(128, 100)","(128, 100)",complex64,complex64,True,True,False,False,False,False,True,True,
20260202_145020_beam1.mat,data/raw/IQ_Data/20260202_145020_beam1.mat,True,True,True,"(128, 100)","(128, 100)",complex64,complex64,True,True,False,False,False,False,True,True,
20260202_145020_beam2.mat,data/raw/IQ_Data/20260202_145020_beam2.mat,True,True,True,"(128, 100)","(128, 100)",complex64,complex64,True,True,False,False,False,False,True,True,
20260202_145020_beam3.mat,data/raw/IQ_Data/20260202_145020_beam3.mat,True,True,True,"(128, 100)","(128, 100)",complex64,complex64,True,True,False,False,False,False,True,True,
20260202_145020_beam4.mat,data/raw/IQ_Data/20260202_145020_beam4.mat,True,True,True,"(128, 100)","(128, 100)",complex64,complex64,True,True,False,False,False,False,True,True,
20260202_145028_beam1.mat,data/raw/IQ_Data/20260202_145028_beam1.mat,True,True,True,"(128, 100)","(128, 100)",complex64,complex64,True,True,False,False,False,False,True,True,
20260202_145028_beam2.mat,data/raw/IQ_Data/20260202_145028_beam2.mat,True,True,True,"(128, 100)","(128, 100)",complex64,complex64,True,True,False,False,False,False,True,True,
20260202_145028_beam3.mat,data/raw/IQ_Data/20260202_145028_beam3.mat,True,True,True,"(128, 100)","(128, 100)",complex64,complex64,True,True,False,False,False,False,True,True,
20260202_145037_beam1.mat,data/raw/IQ_Data/20260202_145037_beam1.mat,True,True,True,"(128, 100)","(128, 100)",complex64,complex64,True,True,False,False,False,False,True,True,
20260202_145037_beam2.mat,data/raw/IQ_Data/20260202_145037_beam2.mat,True,True,True,"(128, 100)","(128, 100)",complex64,complex64,True,True,False,False,False,False,True,True,
20260202_145037_beam3.mat,data/raw/IQ_Data/20260202_145037_beam3.mat,True,True,True,"(128, 100)","(128, 100)",complex64,complex64,True,True,False,False,False,False,True,True,
20260202_145045_beam1.mat,data/raw/IQ_Data/20260202_145045_beam1.mat,True,True,True,"(128, 100)","(128, 100)",complex64,complex64,True,True,False,False,False,False,True,True,
20260202_145045_beam2.mat,data/raw/IQ_Data/20260202_145045_beam2.mat,True,True,True,"(128, 100)","(128, 100)",complex64,complex64,True,True,False,False,False,False,True,True,
20260202_145045_beam3.mat,data/raw/IQ_Data/20260202_145045_beam3.mat,True,True,True,"(128, 100)","(128, 100)",complex64,complex64,True,True,False,False,False,False,True,True,
20260202_145045_beam4.mat,data/raw/IQ_Data/20260202_145045_beam4.mat,True,True,True,"(128, 100)","(128, 100)",complex64,complex64,True,True,False,False,False,False,True,True,
20260202_145053_beam1.mat,data/raw/IQ_Data/20260202_145053_beam1.mat,True,True,True,"(128, 100)","(128, 100)",complex64,complex64,True,True,False,False,False,False,True,True,
20260202_145053_beam2.mat,data/raw/IQ_Data/20260202_145053_beam2.mat,True,True,True,"(128, 100)","(128, 100)",complex64,complex64,True,True,False,False,False,False,True,True,
20260202_145053_beam3.mat,data/raw/IQ_Data/20260202_145053_beam3.mat,True,True,True,"(128, 100)","(128, 100)",complex64,complex64,True,True,False,False,False,False,True,True,
20260202_145053_beam4.mat,data/raw/IQ_Data/20260202_145053_beam4.mat,True,True,True,"(128, 100)","(128, 100)",complex64,complex64,True,True,False,False,False,False,True,True,
20260202_145102_beam1.mat,data/raw/IQ_Data/20260202_145102_beam1.mat,True,True,True,"(128, 100)","(128, 100)",complex64,complex64,True,True,False,False,False,False,True,True,
20260202_145102_beam2.mat,data/raw/IQ_Data/20260202_145102_beam2.mat,True,True,True,"(128, 100)","(128, 100)",complex64,complex64,True,True,False,False,False,False,True,True,
20260202_145102_beam3.mat,data/raw/IQ_Data/20260202_145102_beam3.mat,True,True,True,"(128, 100)","(128, 100)",complex64,complex64,True,True,False,False,False,False,True,True,
20260202_145102_beam4.mat,data/raw/IQ_Data/20260202_145102_beam4.mat,True,True,True,"(128, 100)","(128, 100)",complex64,complex64,True,True,False,False,False,False,True,True,
20260202_145102_beam5.mat,data/raw/IQ_Data/20260202_145102_beam5.mat,True,True,True,"(128, 100)","(128, 100)",complex64,complex64,True,True,False,False,False,False,True,True,
20260202_145110_beam1.mat,data/raw/IQ_Data/20260202_145110_beam1.mat,True,True,True,"(128, 100)","(128, 100)",complex64,complex64,True,True,False,False,False,False,True,True,
20260202_145110_beam2.mat,data/raw/IQ_Data/20260202_145110_beam2.mat,True,True,True,"(128, 100)","(128, 100)",complex64,complex64,True,True,False,False,False,False,True,True,
20260202_145110_beam3.mat,data/raw/IQ_Data/20260202_145110_beam3.mat,True,True,True,"(128, 100)","(128, 100)",complex64,complex64,True,True,False,False,False,False,True,True,
20260202_145110_beam4.mat,data/raw/IQ_Data/20260202_145110_beam4.mat,True,True,True,"(128, 100)","(128, 100)",complex64,complex64,True,True,False,False,False,False,True,True,
20260202_145118_beam1.mat,data/raw/IQ_Data/20260202_145118_beam1.mat,True,True,True,"(128, 100)","(128, 100)",complex64,complex64,True,True,False,False,False,False,True,True,
20260202_145118_beam2.mat,data/raw/IQ_Data/20260202_145118_beam2.mat,True,True,True,"(128, 100)","(128, 100)",complex64,complex64,True,True,False,False,False,False,True,True,
20260202_145118_beam3.mat,data/raw/IQ_Data/20260202_145118_beam3.mat,True,True,True,"(128, 100)","(128, 100)",complex64,complex64,True,True,False,False,False,False,True,True,
20260202_145118_beam4.mat,data/raw/IQ_Data/20260202_145118_beam4.mat,True,True,True,"(128, 100)","(128, 100)",complex64,complex64,True,True,False,False,False,False,True,True,
20260202_145126_beam1.mat,data/raw/IQ_Data/20260202_145126_beam1.mat,True,True,True,"(128, 100)","(128, 100)",complex64,complex64,True,True,False,False,False,False,True,True,
20260202_145126_beam2.mat,data/raw/IQ_Data/20260202_145126_beam2.mat,True,True,True,"(128, 100)","(128, 100)",complex64,complex64,True,True,False,False,False,False,True,True,
20260202_145126_beam3.mat,data/raw/IQ_Data/20260202_145126_beam3.mat,True,True,True,"(128, 100)","(128, 100)",complex64,complex64,True,True,False,False,False,False,True,True,
20260202_145126_beam4.mat,data/raw/IQ_Data/20260202_145126_beam4.mat,True,True,True,"(128, 100)","(128, 100)",complex64,complex64,True,True,False,False,False,False,True,True,
20260202_145126_beam5.mat,data/raw/IQ_Data/20260202_145126_beam5.mat,True,True,True,"(128, 100)","(128, 100)",complex64,complex64,True,True,False,False,False,False,True,True,
20260202_145135_beam1.mat,data/raw/IQ_Data/20260202_145135_beam1.mat,True,True,True,"(128, 100)","(128, 100)",complex64,complex64,True,True,False,False,False,False,True,True,
20260202_145135_beam2.mat,data/raw/IQ_Data/20260202_145135_beam2.mat,True,True,True,"(128, 100)","(128, 100)",complex64,complex64,True,True,False,False,False,False,True,True,
20260202_145135_beam3.mat,data/raw/IQ_Data/20260202_145135_beam3.mat,True,True,True,"(128, 100)","(128, 100)",complex64,complex64,True,True,False,False,False,False,True,True,
20260202_145135_beam4.mat,data/raw/IQ_Data/20260202_145135_beam4.mat,True,True,True,"(128, 100)","(128, 100)",complex64,complex64,True,True,False,False,False,False,True,True,
20260202_145135_beam5.mat,data/raw/IQ_Data/20260202_145135_beam5.mat,True,True,True,"(128, 100)","(128, 100)",complex64,complex64,True,True,False,False,False,False,True,True,
20260202_145143_beam1.mat,data/raw/IQ_Data/20260202_145143_beam1.mat,True,True,True,"(128, 100)","(128, 100)",complex64,complex64,True,True,False,False,False,False,True,True,
20260202_145143_beam2.mat,data/raw/IQ_Data/20260202_145143_beam2.mat,True,True,True,"(128, 100)","(128, 100)",complex64,complex64,True,True,False,False,False,False,True,True,
20260202_145143_beam3.mat,data/raw/IQ_Data/20260202_145143_beam3.mat,True,True,True,"(128, 100)","(128, 100)",complex64,complex64,True,True,False,False,False,False,True,True,
20260202_145143_beam4.mat,data/raw/IQ_Data/20260202_145143_beam4.mat,True,True,True,"(128, 100)","(128, 100)",complex64,complex64,True,True,False,False,False,False,True,True,
20260202_145143_beam5.mat,data/raw/IQ_Data/20260202_145143_beam5.mat,True,True,True,"(128, 100)","(128, 100)",complex64,complex64,True,True,False,False,False,False,True,True,
20260202_145151_beam1.mat,data/raw/IQ_Data/20260202_145151_beam1.mat,True,True,True,"(128, 100)","(128, 100)",complex64,complex64,True,True,False,False,False,False,True,True,
20260202_145151_beam2.mat,data/raw/IQ_Data/20260202_145151_beam2.mat,True,True,True,"(128, 100)","(128, 100)",complex64,complex64,True,True,False,False,False,False,True,True,
20260202_145151_beam3.mat,data/raw/IQ_Data/20260202_145151_beam3.mat,True,True,True,"(128, 100)","(128, 100)",complex64,complex64,True,True,False,False,False,False,True,True,
20260202_145151_beam4.mat,data/raw/IQ_Data/20260202_145151_beam4.mat,True,True,True,"(128, 100)","(128, 100)",complex64,complex64,True,True,False,False,False,False,True,True,
20260202_145151_beam5.mat,data/raw/IQ_Data/20260202_145151_beam5.mat,True,True,True,"(128, 100)","(128, 100)",complex64,complex64,True,True,False,False,False,False,True,True,
20260202_145208_beam1.mat,data/raw/IQ_Data/20260202_145208_beam1.mat,True,True,True,"(128, 100)","(128, 100)",complex64,complex64,True,True,False,False,False,False,True,True,
20260202_145208_beam2.mat,data/raw/IQ_Data/20260202_145208_beam2.mat,True,True,True,"(128, 100)","(128, 100)",complex64,complex64,True,True,False,False,False,False,True,True,
20260202_145208_beam3.mat,data/raw/IQ_Data/20260202_145208_beam3.mat,True,True,True,"(128, 100)","(128, 100)",complex64,complex64,True,True,False,False,False,False,True,True,
20260202_145208_beam4.mat,data/raw/IQ_Data/20260202_145208_beam4.mat,True,True,True,"(128, 100)","(128, 100)",complex64,complex64,True,True,False,False,False,False,True,True,
20260202_145216_beam1.mat,data/raw/IQ_Data/20260202_145216_beam1.mat,True,True,True,"(128, 100)","(128, 100)",complex64,complex64,True,True,False,False,False,False,True,True,
20260202_145216_beam2.mat,data/raw/IQ_Data/20260202_145216_beam2.mat,True,True,True,"(128, 100)","(128, 100)",complex64,complex64,True,True,False,False,False,False,True,True,
20260202_145216_beam3.mat,data/raw/IQ_Data/20260202_145216_beam3.mat,True,True,True,"(128, 100)","(128, 100)",complex64,complex64,True,True,False,False,False,False,True,True,
20260202_145216_beam4.mat,data/raw/IQ_Data/20260202_145216_beam4.mat,True,True,True,"(128, 100)","(128, 100)",complex64,complex64,True,True,False,False,False,False,True,True,
20260202_145216_beam5.mat,data/raw/IQ_Data/20260202_145216_beam5.mat,True,True,True,"(128, 100)","(128, 100)",complex64,complex64,True,True,False,False,False,False,True,True,
20260202_145713_beam1.mat,data/raw/IQ_Data/20260202_145713_beam1.mat,True,True,True,"(128, 100)","(128, 100)",complex64,complex64,True,True,False,False,False,False,True,True,
20260202_145713_beam2.mat,data/raw/IQ_Data/20260202_145713_beam2.mat,True,True,True,"(128, 100)","(128, 100)",complex64,complex64,True,True,False,False,False,False,True,True,
20260202_145713_beam3.mat,data/raw/IQ_Data/20260202_145713_beam3.mat,True,True,True,"(128, 100)","(128, 100)",complex64,complex64,True,True,False,False,False,False,True,True,
20260202_145713_beam4.mat,data/raw/IQ_Data/20260202_145713_beam4.mat,True,True,True,"(128, 100)","(128, 100)",complex64,complex64,True,True,False,False,False,False,True,True,
20260202_145722_beam1.mat,data/raw/IQ_Data/20260202_145722_beam1.mat,True,True,True,"(128, 100)","(128, 100)",complex64,complex64,True,True,False,False,False,False,True,True,
20260202_145722_beam2.mat,data/raw/IQ_Data/20260202_145722_beam2.mat,True,True,True,"(128, 100)","(128, 100)",complex64,complex64,True,True,False,False,False,False,True,True,
20260202_145722_beam3.mat,data/raw/IQ_Data/20260202_145722_beam3.mat,True,True,True,"(128, 100)","(128, 100)",complex64,complex64,True,True,False,False,False,False,True,True,
20260202_145722_beam4.mat,data/raw/IQ_Data/20260202_145722_beam4.mat,True,True,True,"(128, 100)","(128, 100)",complex64,complex64,True,True,False,False,False,False,True,True,
20260202_145730_beam1.mat,data/raw/IQ_Data/20260202_145730_beam1.mat,True,True,True,"(128, 100)","(128, 100)",complex64,complex64,True,True,False,False,False,False,True,True,
20260202_145730_beam2.mat,data/raw/IQ_Data/20260202_145730_beam2.mat,True,True,True,"(128, 100)","(128, 100)",complex64,complex64,True,True,False,False,False,False,True,True,
20260202_145730_beam3.mat,data/raw/IQ_Data/20260202_145730_beam3.mat,True,True,True,"(128, 100)","(128, 100)",complex64,complex64,True,True,False,False,False,False,True,True,
20260202_145730_beam4.mat,data/raw/IQ_Data/20260202_145730_beam4.mat,True,True,True,"(128, 100)","(128, 100)",complex64,complex64,True,True,False,False,False,False,True,True,
20260202_145730_beam5.mat,data/raw/IQ_Data/20260202_145730_beam5.mat,True,True,True,"(128, 100)","(128, 100)",complex64,complex64,True,True,False,False,False,False,True,True,
20260202_145738_beam1.mat,data/raw/IQ_Data/20260202_145738_beam1.mat,True,True,True,"(128, 100)","(128, 100)",complex64,complex64,True,True,False,False,False,False,True,True,
20260202_145738_beam2.mat,data/raw/IQ_Data/20260202_145738_beam2.mat,True,True,True,"(128, 100)","(128, 100)",complex64,complex64,True,True,False,False,False,False,True,True,
20260202_145738_beam3.mat,data/raw/IQ_Data/20260202_145738_beam3.mat,True,True,True,"(128, 100)","(128, 100)",complex64,complex64,True,True,False,False,False,False,True,True,
20260202_145738_beam4.mat,data/raw/IQ_Data/20260202_145738_beam4.mat,True,True,True,"(128, 100)","(128, 100)",complex64,complex64,True,True,False,False,False,False,True,True,
20260202_145738_beam5.mat,data/raw/IQ_Data/20260202_145738_beam5.mat,True,True,True,"(128, 100)","(128, 100)",complex64,complex64,True,True,False,False,False,False,True,True,
20260202_145746_beam1.mat,data/raw/IQ_Data/20260202_145746_beam1.mat,True,True,True,"(128, 100)","(128, 100)",complex64,complex64,True,True,False,False,False,False,True,True,
20260202_145746_beam2.mat,data/raw/IQ_Data/20260202_145746_beam2.mat,True,True,True,"(128, 100)","(128, 100)",complex64,complex64,True,True,False,False,False,False,True,True,
20260202_145746_beam3.mat,data/raw/IQ_Data/20260202_145746_beam3.mat,True,True,True,"(128, 100)","(128, 100)",complex64,complex64,True,True,False,False,False,False,True,True,
20260202_145746_beam4.mat,data/raw/IQ_Data/20260202_145746_beam4.mat,True,True,True,"(128, 100)","(128, 100)",complex64,complex64,True,True,False,False,False,False,True,True,
20260202_145746_beam5.mat,data/raw/IQ_Data/20260202_145746_beam5.mat,True,True,True,"(128, 100)","(128, 100)",complex64,complex64,True,True,False,False,False,False,True,True,
20260202_145755_beam1.mat,data/raw/IQ_Data/20260202_145755_beam1.mat,True,True,True,"(128, 100)","(128, 100)",complex64,complex64,True,True,False,False,False,False,True,True,
20260202_145755_beam2.mat,data/raw/IQ_Data/20260202_145755_beam2.mat,True,True,True,"(128, 100)","(128, 100)",complex64,complex64,True,True,False,False,False,False,True,True,
20260202_145755_beam3.mat,data/raw/IQ_Data/20260202_145755_beam3.mat,True,True,True,"(128, 100)","(128, 100)",complex64,complex64,True,True,False,False,False,False,True,True,
20260202_145755_beam4.mat,data/raw/IQ_Data/20260202_145755_beam4.mat,True,True,True,"(128, 100)","(128, 100)",complex64,complex64,True,True,False,False,False,False,True,True,
20260202_145755_beam5.mat,data/raw/IQ_Data/20260202_145755_beam5.mat,True,True,True,"(128, 100)","(128, 100)",complex64,complex64,True,True,False,False,False,False,True,True,
20260202_145813_beam1.mat,data/raw/IQ_Data/20260202_145813_beam1.mat,True,True,True,"(128, 100)","(128, 100)",complex64,complex64,True,True,False,False,False,False,True,True,
20260202_145813_beam2.mat,data/raw/IQ_Data/20260202_145813_beam2.mat,True,True,True,"(128, 100)","(128, 100)",complex64,complex64,True,True,False,False,False,False,True,True,
20260202_145813_beam3.mat,data/raw/IQ_Data/20260202_145813_beam3.mat,True,True,True,"(128, 100)","(128, 100)",complex64,complex64,True,True,False,False,False,False,True,True,
20260202_145813_beam4.mat,data/raw/IQ_Data/20260202_145813_beam4.mat,True,True,True,"(128, 100)","(128, 100)",complex64,complex64,True,True,False,False,False,False,True,True,
20260202_145813_beam5.mat,data/raw/IQ_Data/20260202_145813_beam5.mat,True,True,True,"(128, 100)","(128, 100)",complex64,complex64,True,True,False,False,False,False,True,True,
20260202_145819_beam1.mat,data/raw/IQ_Data/20260202_145819_beam1.mat,True,True,True,"(128, 100)","(128, 100)",complex64,complex64,True,True,False,False,False,False,True,True,
20260202_145819_beam2.mat,data/raw/IQ_Data/20260202_145819_beam2.mat,True,True,True,"(128, 100)","(128, 100)",complex64,complex64,True,True,False,False,False,False,True,True,
20260202_145819_beam3.mat,data/raw/IQ_Data/20260202_145819_beam3.mat,True,True,True,"(128, 100)","(128, 100)",complex64,complex64,True,True,False,False,False,False,True,True,
20260202_145819_beam4.mat,data/raw/IQ_Data/20260202_145819_beam4.mat,True,True,True,"(128, 100)","(128, 100)",complex64,complex64,True,True,False,False,False,False,True,True,
20260202_145819_beam5.mat,data/raw/IQ_Data/20260202_145819_beam5.mat,True,True,True,"(128, 100)","(128, 100)",complex64,complex64,True,True,False,False,False,False,True,True,
20260202_145828_beam1.mat,data/raw/IQ_Data/20260202_145828_beam1.mat,True,True,True,"(128, 100)","(128, 100)",complex64,complex64,True,True,False,False,False,False,True,True,
20260202_145828_beam2.mat,data/raw/IQ_Data/20260202_145828_beam2.mat,True,True,True,"(128, 100)","(128, 100)",complex64,complex64,True,True,False,False,False,False,True,True,
20260202_145828_beam3.mat,data/raw/IQ_Data/20260202_145828_beam3.mat,True,True,True,"(128, 100)","(128, 100)",complex64,complex64,True,True,False,False,False,False,True,True,
20260202_145828_beam4.mat,data/raw/IQ_Data/20260202_145828_beam4.mat,True,True,True,"(128, 100)","(128, 100)",complex64,complex64,True,True,False,False,False,False,True,True,
20260202_145828_beam5.mat,data/raw/IQ_Data/20260202_145828_beam5.mat,True,True,True,"(128, 100)","(128, 100)",complex64,complex64,True,True,False,False,False,False,True,True,
20260202_145836_beam1.mat,data/raw/IQ_Data/20260202_145836_beam1.mat,True,True,True,"(128, 100)","(128, 100)",complex64,complex64,True,True,False,False,False,False,True,True,
20260202_145836_beam2.mat,data/raw/IQ_Data/20260202_145836_beam2.mat,True,True,True,"(128, 100)","(128, 100)",complex64,complex64,True,True,False,False,False,False,True,True,
20260202_145836_beam3.mat,data/raw/IQ_Data/20260202_145836_beam3.mat,True,True,True,"(128, 100)","(128, 100)",complex64,complex64,True,True,False,False,False,False,True,True,
20260202_145836_beam4.mat,data/raw/IQ_Data/20260202_145836_beam4.mat,True,True,True,"(128, 100)","(128, 100)",complex64,complex64,True,True,False,False,False,False,True,True,
20260202_145836_beam5.mat,data/raw/IQ_Data/20260202_145836_beam5.mat,True,True,True,"(128, 100)","(128, 100)",complex64,complex64,True,True,False,False,False,False,True,True,
