epoch,learning_rate,train_loss,train_background_classification_loss,train_background_tail_loss,train_target_keep_loss,train_pairwise_loss,train_shift_selectivity_loss,train_shift_regularization,train_background_shift_mean,train_target_shift_mean,val_loss,val_background_classification_loss,val_background_tail_loss,val_target_keep_loss,val_pairwise_loss,val_shift_selectivity_loss,val_shift_regularization,val_background_shift_mean,val_target_shift_mean,selected_threshold,selected_pd,selected_pfa,selected_auc,base_pd,base_pfa,raw_base_pd,pd_floor_satisfied,background_shift_mean,target_shift_mean,background_probability_mean,target_probability_mean
1,0.0005,1.7676970476731457,1.5047730355249904,0.23673673642854484,0.0,0.03125672242692057,0.039871245070368135,2.8274837106898065e-05,0.0053917710252628336,0.005069470221322341,2.305369253339145,2.297724472533159,0.000747037858798586,0.0,0.003245155799565057,0.012496701602278084,3.344666038174182e-05,0.005675853766831271,0.0018876047433340197,0.33652183413505554,0.9433962264150944,0.013333333333333334,1.0,0.9433962264150944,0.013333333333333334,0.9433962264150944,True,0.0060011235345155,0.0051155604404520315,0.05494641641775767,0.05016021247742311
2,0.0005,1.7137091008800702,1.45217905340169,0.2357075780509617,0.0,0.0309338160260829,0.03927068469538843,3.735040764153666e-05,0.006569308063110733,0.004736575486284061,2.2168787760210447,2.2093841808072745,0.0007396328625420631,0.0,0.0032391278027313684,0.012213421572605377,4.578556680257301e-05,0.007030863626837143,0.0015921907756349136,0.33620190620422363,0.9433962264150944,0.013333333333333334,1.0,0.9433962264150944,0.013333333333333334,0.9433962264150944,True,0.0074338566977530714,0.004331584712314718,0.06140741129716237,0.04686344745305349
3,0.0005,1.6549178660719222,1.392845213252579,0.23691163888838734,0.0,0.030378433401292225,0.0381696220196161,5.251255702315842e-05,0.008234838232136962,0.0036034582376058373,2.124072345716906,2.1167744639251618,0.0007295140198298863,0.0,0.0032311851167913727,0.011842846283184483,6.916639998460847e-05,0.0089350495432398,0.001239026734935753,0.33575519919395447,0.9433962264150944,0.013333333333333334,1.0,0.9433962264150944,0.013333333333333334,0.9433962264150944,True,0.009446774926036596,0.0033916715523755214,0.0689620836575826,0.04158447486049724
4,0.0005,1.5880869716968176,1.330593348513395,0.2324853956779701,0.0,0.03263646910956124,0.03696023877659898,8.359805682301898e-05,0.01062596574265038,0.002873768048446294,2.026224810446571,2.019148441352721,0.000714967843934233,0.0,0.0032226325843134535,0.011431510812543295,0.00011574903819474891,0.011677251073527219,0.0010885529752288545,0.3351089060306549,0.9433962264150944,0.013333333333333334,1.0,0.9433962264150944,0.013333333333333334,0.9433962264150944,True,0.012346291411668063,0.003021643681557111,0.07801345527172089,0.03944351552230007
5,0.0005,1.5247284614172265,1.2648397896167725,0.23614846620799074,0.0,0.0300659286209716,0.03545119167579152,0.00014378863942685142,0.014022196023009536,0.0023021911982587487,1.9227444033317378,1.9159565218563737,0.0006946575612270186,0.0,0.0032103152697896724,0.010898283549717494,0.0002021213005960826,0.015522230434887515,0.0009414173141947667,0.33420419692993164,0.9433962264150944,0.013333333333333334,1.0,0.9433962264150944,0.013333333333333334,0.9433962264150944,True,0.01641182108471791,0.0026364913364028872,0.08884427453080813,0.036082495003938675
6,0.0005,1.4479415493834051,1.1988021726556866,0.2260675296950533,0.0,0.03151221890278622,0.03353375238630007,0.00025521729333198193,0.018795638367774672,0.0019087329245802526,1.8210897872710756,1.814682848953408,0.0006665472913845419,0.0,0.0031931453150481426,0.010196042178299627,0.0003657484938794996,0.02095043483038841,0.0008175035828513465,0.33294203877449036,0.9433962264150944,0.013333333333333334,1.0,0.9433962264150944,0.013333333333333334,0.9433962264150944,True,0.022148806055386862,0.0023041654241991775,0.10095359901587168,0.03343900683212955
7,0.0005,1.388581360768115,1.1332254396937285,0.2336115094047351,0.0,0.031052547183158904,0.03105846532392052,0.00046469656671485247,0.025340842735775398,0.0015604783613937644,1.719416309735311,1.713497238242861,0.0006291172627745004,0.0,0.0031704497454788884,0.009298166030733456,0.0006699378340128864,0.02839784845342777,0.0007374674068038981,0.3312036395072937,0.9433962264150944,0.013333333333333334,1.0,0.9433962264150944,0.013333333333333334,0.9433962264150944,True,0.030022082117696604,0.0020904679330206424,0.11469848290085792,0.030770883772451924
8,0.0005,1.3109828166241915,1.0673701120515398,0.22363411448393872,0.0,0.030398923230942367,0.027780120559739618,0.000872038107433148,0.034693752387864894,0.0013351984581887481,1.6155030568648736,1.6102421037999575,0.0005769197429929461,0.0,0.003138015716533943,0.008087417762267766,0.0012746043544234118,0.03920460217104757,0.0006860933195469268,0.32868680357933044,0.9433962264150944,0.013333333333333334,1.0,0.9433962264150944,0.013333333333333334,0.9433962264150944,True,0.04144695835808913,0.001952369626005233,0.13063957492510478,0.027728386926201155
9,0.0005,1.2425767674921657,1.0008626862998922,0.2239782700962776,0.0,0.030235263471293322,0.023343648701263566,0.0016948356151309698,0.048422902932947855,0.001145936016682435,1.5119592853881456,1.5075721483622573,0.0005040270060741256,0.0,0.003093477834034436,0.006478400653218988,0.00252314592177436,0.05516453799355794,0.0007444013557006867,0.32499346137046814,0.9433962264150944,0.013333333333333334,1.0,0.9433962264150944,0.013333333333333334,0.9433962264150944,True,0.05831767280896505,0.002145836138570646,0.14874796936909357,0.026010292353776266
10,0.0005,1.170547606810084,0.9349811441814803,0.22065587032516049,0.0,0.0301438445812769,0.017696608899718507,0.0033512717599897693,0.06820134031322767,0.0010704269279371897,1.4082719313136756,1.404962863828161,0.000409854750327876,0.0,0.00302770719152366,0.004486524412784671,0.005039855578468122,0.07800098945354593,0.0007816408944357499,0.31974318623542786,0.9433962264150944,0.013333333333333334,1.0,0.9433962264150944,0.013333333333333334,0.9433962264150944,True,0.08246030767758687,0.0022482668732749823,0.1693084885676702,0.023498137253073027
11,0.0005,1.0966475434059082,0.8690638278693844,0.2161894670017365,0.0,0.029603842126250748,0.01080859802422337,0.006915334285791672,0.09736547962513896,0.0008255951477602536,1.3049328334886452,1.3028330732540692,0.000291508682108865,0.0,0.0029364034460095936,0.0022359365606542878,0.010299198856256705,0.11151547737309499,0.0009593361681281345,0.3121301829814911,0.9433962264150944,0.013333333333333334,1.0,0.9433962264150944,0.013333333333333334,0.9433962264150944,True,0.11789019212126732,0.0027737931402198055,0.19268417010704678,0.02247175159600546
12,0.0005,1.011265438682628,0.804012904912635,0.19932589518794955,1.4630633637288992e-06,0.028300813682919562,0.004258526402846923,0.013722085722814994,0.13731068268297816,0.0011228409205435341,1.2025193031510255,1.201366384674249,0.00017091639229816757,0.0,0.0028135653199820683,0.00043372149244317866,0.020242007147478345,0.15638552040889345,0.0010794050821786737,0.30206236243247986,0.9433962264150944,0.013333333333333334,1.0,0.9433962264150944,0.013333333333333334,0.9433962264150944,True,0.1653279106815656,0.0030978013407702574,0.21903435856103898,0.02048549240560464
13,0.0005,0.9298085954311401,0.7399193300712462,0.18407915882023196,1.4744680174036488e-05,0.026779658891602026,0.0003833616997044398,0.026247751289059852,0.19099518106472138,0.0012770971866020797,1.1042734815422537,1.1032852046099937,7.540585353897123e-05,1.89187184659755e-06,0.002666569989303063,0.0,0.037958163754934826,0.21416004537948835,0.0013740709248765055,0.2893425524234772,0.9433962264150944,0.013333333333333334,1.0,0.9433962264150944,0.006666666666666667,0.9433962264150944,True,0.2264157219727834,0.0039493024858804245,0.2479541191458702,0.01894947209940204
14,0.0005,0.8523462297460139,0.6780318256337045,0.16850362599618993,0.0001270429926580496,0.026631671945361115,0.0,0.048443571907892384,0.2592055803199984,0.002136394667933065,1.0087198862631626,1.0075212852120987,1.0022470323836863e-05,3.4762784985485925e-05,0.002499707520301706,0.0,0.06885937438002361,0.28839380987759294,0.0021036215851386194,0.27357739210128784,0.9433962264150944,0.013333333333333334,1.0,0.9433962264150944,0.006666666666666667,0.9433962264150944,True,0.30488967219988505,0.0061213367575788345,0.2799343874057134,0.018167770379837953
15,0.0005,0.7728568633611633,0.617459410927045,0.14995300962597213,0.00016597682494680195,0.022876079924746023,0.0,0.08692253005472476,0.34735950458081905,0.0018338455737087088,0.9172212447182004,0.9155603829275798,0.0,9.895688647707108e-05,0.002297571433588789,0.0,0.12013472096445131,0.3809314220409675,0.00279645986047578,0.25445103645324707,0.9433962264150944,0.013333333333333334,1.0,0.9433962264150944,0.0,0.9433962264150944,True,0.4027450203895569,0.008133060528395944,0.31451149781545,0.01732700094932093
16,0.0005,0.6992118665471553,0.5598602741555062,0.1333407094134796,0.0004601238390827436,0.022649504048523877,0.0,0.14809805295377407,0.4538462944429197,0.0027736348560961047,0.8305673779910568,0.8281532473348338,0.0,0.00025083636003814003,0.002086810584138767,0.0,0.19967393774546113,0.4910617884743977,0.0039754969714750794,0.23297946155071259,0.9433962264150944,0.013333333333333334,1.0,0.9433962264150944,0.0,0.9433962264150944,True,0.5191828159491221,0.011594383414771038,0.351401998202006,0.017179652661928592
17,0.0005,0.625364704112801,0.5051358700441222,0.11385862570744876,0.0007603196602947308,0.019853608396577065,0.0,0.23994956950775054,0.5792470010464403,0.003631133284304301,0.7487637141967202,0.7452578944764261,0.0,0.00035673970806187596,0.0018499158873346638,0.0,0.3135850614153555,0.6155726991850754,0.004184046815255005,0.2102995216846466,0.9433962264150944,0.013333333333333334,1.0,0.9433962264150944,0.0,0.9433962264150944,True,0.6508388098080953,0.012014577320649481,0.3901609210173289,0.015370621627091238
18,0.0005,0.5610971121453854,0.4548894963817134,0.09918471568356949,0.0011848735841458056,0.017306120277977375,0.0,0.35616797746995066,0.7062881184074113,0.0038473090703531375,0.6751580125711895,0.6703884707754616,0.0,0.000277752726536079,0.0016246677325864143,0.0,0.4444611230019246,0.7331136882011526,0.003687832348525818,0.19013085961341858,0.9433962264150944,0.013333333333333334,1.0,0.9433962264150944,0.0,0.9433962264150944,True,0.7751631832122803,0.010353006952840896,0.42869993309179943,0.01281480176620326
19,0.0005,0.5051205550242627,0.40910745968394524,0.08779728166618438,0.0014854545863169544,0.016238493460790326,0.0,0.4968124366192162,0.8341638654711433,0.003990809689213163,0.608299388348359,0.6019987613880282,0.0,0.00035140865248412337,0.0014438695214652076,0.0,0.6011844221146988,0.8525334813911927,0.00386636445454776,0.17056038975715637,0.9433962264150944,0.013333333333333334,1.0,0.9433962264150944,0.0,0.9433962264150944,True,0.9015938846270243,0.010829634650364378,0.4674698668718338,0.012100178853801961
20,0.0005,0.4504357605288935,0.367451003539273,0.07364453647958462,0.002187266022047264,0.014262772127584306,0.0,0.6487677045909542,0.9538783379642147,0.004699241323443632,0.5474642617352711,0.5400142951964818,0.0,0.00016865196633221482,0.0013076959572402127,0.0,0.7188425711156821,0.9317170880698218,0.003028239687822135,0.1552012860774994,0.9433962264150944,0.013333333333333334,1.0,0.9433962264150944,0.0,0.9433962264150944,True,0.9860501849651336,0.008460709746220842,0.5054468409220377,0.010299136088985318
21,0.0005,0.3994103543199298,0.3298062847630997,0.05975301915684318,0.002354582043670901,0.012722487523750154,0.0,0.7306544115601202,1.009906289712438,0.004555990717077573,0.4911059700961917,0.4846086772479888,0.0,9.684288516420449e-05,0.0014047559552592009,0.0,0.621632780121316,0.8631580146075469,0.0027828388319814145,0.14972487092018127,0.9433962264150944,0.013333333333333334,1.0,0.9433962264150944,0.0,0.9433962264150944,True,0.9162582993507385,0.00781873199388051,0.5421179552872976,0.009384434353911652
22,0.0005,0.3523243110616895,0.2965925738335941,0.04838674323698581,0.0009746657548888995,0.012351510167684196,0.0,0.48746895067132706,0.809274828016276,0.0031792890604314295,0.43763488303787385,0.4356527680925695,0.0,0.0,0.002191544019529972,0.0,0.154381361483318,0.4168063666432949,0.0010588425601571064,0.1819472759962082,0.9433962264150944,0.013333333333333334,1.0,0.9433962264150944,0.0,0.9433962264150944,True,0.44814437091350556,0.002994935243238941,0.576534100373586,0.007428608843529562
23,0.0005,0.3128221824644711,0.2661143811243885,0.04192414862728826,0.0001204194967958805,0.014352884259064886,0.0,0.1913069750501139,0.42122244152097366,0.0014735219329112333,0.39279189395943076,0.3910377718544946,0.0,0.0,0.002883531189904424,0.0019709592675927826,0.019194387511194955,0.1309053956581454,0.00015907549342883778,0.24364857375621796,0.9433962264150944,0.013333333333333334,1.0,0.9433962264150944,0.0,0.9433962264150944,True,0.14318232521414756,0.00043856991451664143,0.6098554861545563,0.005930438514728591
24,0.0005,0.27994685714456913,0.2396863375632268,0.03571130774006488,0.0,0.016235960557092876,5.9888169388763724e-05,0.1272078277367466,0.2520546758110632,0.0005324474334116834,0.3557368134162182,0.35314253164372716,0.0,0.0,0.002967541440954349,0.003701540636898849,0.015000006181533429,0.10423409175403013,0.0003146756597533088,0.24291592836380005,0.9433962264150944,0.013333333333333334,1.0,0.9433962264150944,0.0,0.9433962264150944,True,0.11517987300952276,0.0008746391032681853,0.6397604811191558,0.00517110730398376
25,0.0005,0.2506133938896046,0.21643665750232347,0.029497474135775772,0.0,0.015020395069310286,0.0,0.16751834348526926,0.2851591189755905,0.0008050267179992371,0.3222172273795483,0.31962616925169096,0.0,0.0,0.0029673074266593443,0.0037206358510285175,0.013727319164444241,0.10220094267370666,0.00017564043659588387,0.25020578503608704,0.9433962264150944,0.013333333333333334,1.0,0.9433962264150944,0.0,0.9433962264150944,True,0.11259879380464553,0.00047893978914527116,0.6674713595708212,0.004723683658565553
26,0.0005,0.22783309610866792,0.1959543298839559,0.027170472916446607,0.0,0.01567125134672116,5.408458327480737e-05,0.15470036611242113,0.2628986988106185,0.0005363620584830642,0.2921922313774307,0.2898186674442491,0.0,0.0,0.00294824685956457,0.0032894831572847414,0.013918311504538065,0.10726125604413413,0.00014058873401450112,0.2543354332447052,0.9433962264150944,0.013333333333333334,1.0,0.9433962264150944,0.0,0.9433962264150944,True,0.11765447134772937,0.0003803284648797071,0.6931405488650004,0.004415062704246561
27,0.0005,0.20467076295951628,0.17811767186597993,0.021994919669274693,0.0,0.014819343795251814,3.338918796517055e-05,0.15776050535615563,0.27955215289746976,0.0004347712766426814,0.26582101064279967,0.2640933004010634,0.0,0.0,0.0028801557465727105,0.0019441380583006761,0.017960234242014546,0.12932036545476303,7.193319524152048e-05,0.25261807441711426,0.9433962264150944,0.013333333333333334,1.0,0.9433962264150944,0.0,0.9433962264150944,True,0.14094743420680364,0.00019573523151745386,0.7160685241222382,0.004061022430728629
28,0.0005,0.1879864900982926,0.16252761717755196,0.020363979507237673,0.0,0.016498817231335408,2.8164236432297853e-05,0.17810508263400301,0.32300227776049284,0.0003429476926862601,0.2424165698793703,0.2414384616431069,0.0,0.0,0.0027136785056203457,0.00010586563002299793,0.03824467828795642,0.19214717507949602,0.00012864814836100624,0.22195452451705933,0.9433962264150944,0.013333333333333334,1.0,0.9433962264150944,0.0,0.9433962264150944,True,0.20907626579205196,0.0003536745237586317,0.7368946206569672,0.003786571894965644
29,0.0005,0.17177734421591231,0.14881026335161007,0.018298529797030307,0.0,0.014208435369630387,0.0,0.18268674853034417,0.3335684997373514,0.00025216801786441306,0.22271610364854666,0.22149746758826627,0.0,0.0,0.0028041454371560384,0.0008347328807332833,0.02404334205191456,0.1549732696833869,3.754976463591304e-05,0.24839873611927032,0.9433962264150944,0.013333333333333334,1.0,0.9433962264150944,0.0,0.9433962264150944,True,0.16811024020115534,0.00010261916415985533,0.7557293593883514,0.003554975214185861
30,0.0005,0.16190470598457316,0.1367117544068802,0.02044461501638011,0.0,0.014813214555543387,7.838937825372071e-07,0.178530436732136,0.31996916158180033,0.00019220974609491758,0.2047615615350511,0.20358004359404552,0.0,0.0,0.00279548485290828,0.0007360851382974333,0.02543786673198438,0.15865675921510594,4.5079672167174005e-05,0.24511271715164185,0.9433962264150944,0.013333333333333334,1.0,0.9433962264150944,0.0,0.9433962264150944,True,0.17221242517232896,0.00012447689492409205,0.773067630926768,0.0033702710775201615
