fold,scan_group,mode,n,mean_score,score_recall,joint_pd,range_mae,velocity_mae
1,20260202_144238,power2,4,0.9547119140625,1.0,1.0,0.75,0.0
1,20260202_144246,power2,5,0.88056640625,1.0,1.0,1.4,1.4
1,20260202_144254,power2,4,0.9727783203125,1.0,1.0,0.5,0.0
1,20260202_144302,power2,5,0.97216796875,1.0,1.0,0.8,0.2
1,20260202_144311,power2,5,0.9544921875,1.0,1.0,1.0,1.0
1,20260202_144319,power2,5,0.9748046875,1.0,1.0,0.6,0.4
1,20260202_144327,power2,5,0.95029296875,1.0,1.0,1.0,1.6
1,20260202_144335,power2,5,0.97431640625,1.0,1.0,0.8,0.2
1,20260202_144344,power2,5,0.987890625,1.0,1.0,0.6,0.6
1,20260202_144352,power2,5,0.95302734375,1.0,0.8,3.6,3.8
1,20260202_144417,power2,5,0.94462890625,1.0,1.0,0.6,0.2
1,20260202_144238,ri4,4,0.40814208984375,0.0,0.0,20.0,14.5
1,20260202_144246,ri4,5,0.5958984375,0.0,0.0,9.4,9.6
1,20260202_144254,ri4,4,0.6519775390625,0.25,0.25,8.5,2.5
1,20260202_144302,ri4,5,0.71953125,0.4,0.4,2.4,1.6
1,20260202_144311,ri4,5,0.84169921875,0.8,0.6,1.8,1.4
1,20260202_144319,ri4,5,0.86064453125,0.8,0.8,0.8,1.4
1,20260202_144327,ri4,5,0.890234375,0.8,0.8,0.8,0.4
1,20260202_144335,ri4,5,0.94560546875,1.0,1.0,0.8,0.6
1,20260202_144344,ri4,5,0.9802734375,1.0,1.0,0.4,0.6
1,20260202_144352,ri4,5,0.8712890625,0.8,0.6,3.4,3.8
1,20260202_144417,ri4,5,0.92216796875,0.8,0.8,1.4,0.8
1,20260202_144238,polar6_gated,4,0.6990966796875,1.0,0.0,9.25,6.75
1,20260202_144246,polar6_gated,5,0.81005859375,1.0,0.2,17.2,16.0
1,20260202_144254,polar6_gated,4,0.7357177734375,1.0,0.25,3.0,2.75
1,20260202_144302,polar6_gated,5,0.90556640625,1.0,0.8,1.6,4.0
1,20260202_144311,polar6_gated,5,0.91044921875,1.0,1.0,1.0,1.6
1,20260202_144319,polar6_gated,5,0.90830078125,1.0,1.0,0.4,1.0
1,20260202_144327,polar6_gated,5,0.915234375,1.0,1.0,1.0,1.2
1,20260202_144335,polar6_gated,5,0.8875,1.0,1.0,0.6,0.8
1,20260202_144344,polar6_gated,5,0.9560546875,1.0,1.0,0.4,0.6
1,20260202_144352,polar6_gated,5,0.80595703125,1.0,0.6,3.8,7.6
1,20260202_144417,polar6_gated,5,0.93876953125,1.0,1.0,0.8,0.8
1,20260202_144238,ri8_gated,4,0.61810302734375,0.5,0.0,24.5,25.5
1,20260202_144246,ri8_gated,5,0.722900390625,0.8,0.2,9.2,7.0
1,20260202_144254,ri8_gated,4,0.7420654296875,0.75,0.25,13.25,2.75
1,20260202_144302,ri8_gated,5,0.79033203125,1.0,0.8,2.6,4.0
1,20260202_144311,ri8_gated,5,0.78203125,0.8,0.8,1.6,1.8
1,20260202_144319,ri8_gated,5,0.87333984375,1.0,1.0,0.6,0.8
1,20260202_144327,ri8_gated,5,0.7923828125,0.8,0.8,2.0,1.0
1,20260202_144335,ri8_gated,5,0.88544921875,1.0,1.0,1.0,0.8
1,20260202_144344,ri8_gated,5,0.92548828125,1.0,1.0,0.4,1.4
1,20260202_144352,ri8_gated,5,0.810546875,0.8,0.8,3.8,4.4
1,20260202_144417,ri8_gated,5,0.91923828125,1.0,0.8,1.4,0.4
4,20260202_144841,power2,4,0.959716796875,1.0,1.0,1.5,0.75
4,20260202_144849,power2,4,0.6759033203125,1.0,0.25,16.75,18.75
4,20260202_144857,power2,4,0.7392578125,1.0,0.25,3.0,6.25
4,20260202_144906,power2,4,0.8057861328125,1.0,0.75,8.0,6.25
4,20260202_144914,power2,4,0.7059326171875,1.0,0.25,17.0,13.25
4,20260202_144922,power2,5,0.97587890625,1.0,1.0,1.2,0.6
4,20260202_144931,power2,4,0.8916015625,1.0,0.75,2.25,0.25
4,20260202_144939,power2,5,0.974609375,1.0,1.0,0.8,0.4
4,20260202_144947,power2,5,0.97041015625,1.0,1.0,1.0,0.2
4,20260202_144955,power2,5,0.97734375,1.0,1.0,1.2,0.8
4,20260202_145004,power2,4,0.9114990234375,1.0,1.0,0.0,2.0
4,20260202_145012,power2,4,0.9189453125,1.0,1.0,1.25,0.25
4,20260202_144841,ri4,4,0.903076171875,1.0,0.75,8.25,8.75
4,20260202_144849,ri4,4,0.773193359375,1.0,0.0,15.25,12.25
4,20260202_144857,ri4,4,0.73309326171875,0.5,0.5,9.25,11.25
4,20260202_144906,ri4,4,0.74322509765625,0.75,0.5,12.75,14.0
4,20260202_144914,ri4,4,0.8082275390625,0.75,0.25,3.25,9.25
4,20260202_144922,ri4,5,0.96142578125,1.0,1.0,0.8,0.8
4,20260202_144931,ri4,4,0.8770751953125,0.75,0.75,2.5,0.75
4,20260202_144939,ri4,5,0.9658203125,1.0,1.0,0.4,0.6
4,20260202_144947,ri4,5,0.944140625,1.0,1.0,0.8,0.8
4,20260202_144955,ri4,5,0.9470703125,1.0,0.8,1.0,0.6
4,20260202_145004,ri4,4,0.965087890625,1.0,1.0,0.25,1.0
4,20260202_145012,ri4,4,0.783447265625,0.75,0.75,4.75,7.5
4,20260202_144841,polar6_gated,4,0.59649658203125,0.25,0.25,5.25,9.25
4,20260202_144849,polar6_gated,4,0.6798095703125,0.5,0.5,11.0,16.75
4,20260202_144857,polar6_gated,4,0.61260986328125,0.5,0.25,21.0,15.75
4,20260202_144906,polar6_gated,4,0.7947998046875,0.75,0.75,0.5,1.0
4,20260202_144914,polar6_gated,4,0.6973876953125,0.75,0.5,19.25,13.5
4,20260202_144922,polar6_gated,5,0.88720703125,1.0,0.8,2.2,0.6
4,20260202_144931,polar6_gated,4,0.7357177734375,0.75,0.75,1.25,0.75
4,20260202_144939,polar6_gated,5,0.89931640625,1.0,1.0,0.6,0.4
4,20260202_144947,polar6_gated,5,0.836328125,1.0,1.0,1.0,0.4
4,20260202_144955,polar6_gated,5,0.77734375,1.0,0.4,19.4,31.6
4,20260202_145004,polar6_gated,4,0.71807861328125,0.5,0.5,1.0,6.0
4,20260202_145012,polar6_gated,4,0.7921142578125,0.75,0.75,3.5,7.75
4,20260202_144841,ri8_gated,4,0.7674560546875,0.75,0.75,8.0,9.5
4,20260202_144849,ri8_gated,4,0.7064208984375,0.75,0.25,26.5,15.5
4,20260202_144857,ri8_gated,4,0.6630859375,0.5,0.25,11.75,20.5
4,20260202_144906,ri8_gated,4,0.767578125,0.75,0.75,7.0,6.5
4,20260202_144914,ri8_gated,4,0.71270751953125,0.75,0.75,1.0,1.75
4,20260202_144922,ri8_gated,5,0.93896484375,1.0,1.0,0.6,0.6
4,20260202_144931,ri8_gated,4,0.8687744140625,1.0,0.75,1.75,0.5
4,20260202_144939,ri8_gated,5,0.86865234375,1.0,1.0,0.2,1.6
4,20260202_144947,ri8_gated,5,0.95078125,1.0,1.0,0.6,0.8
4,20260202_144955,ri8_gated,5,0.881640625,1.0,0.8,1.2,1.2
4,20260202_145004,ri8_gated,4,0.8780517578125,1.0,0.75,1.75,0.5
4,20260202_145012,ri8_gated,4,0.7745361328125,0.75,0.75,12.0,9.75
