epoch,learning_rate,train_loss,train_mean_range_error,train_mean_velocity_error,train_zero_false_peak_rate,train_zero_false_peak_count,train_zero_eligible_count,train_fused_base_loss,train_notch_base_loss,train_ranking_loss,train_band_energy_loss,train_strict_hit_rate,train_relaxed_hit_rate,train_application_hit_rate,val_loss,val_mean_range_error,val_mean_velocity_error,val_zero_false_peak_rate,val_zero_false_peak_count,val_zero_eligible_count,val_fused_base_loss,val_notch_base_loss,val_ranking_loss,val_band_energy_loss,val_strict_hit_rate,val_relaxed_hit_rate,val_application_hit_rate,is_best
1,0.0003,0.17737187837299548,2.460526315789474,1.8114035087719298,0.05752212389380531,13.0,226.0,0.09066369293028848,0.08543620872915837,0.07604103195562698,0.001629977556292847,0.3991228070175439,0.9342105263157895,0.9342105263157895,0.23987148139211867,4.155555555555556,4.911111111111111,0.044444444444444446,2.0,45.0,0.10174397627512614,0.09082456661595238,0.13825531519121595,0.0018392421654425562,0.4666666666666667,0.8444444444444444,0.8444444444444444,True
2,0.0003,0.176018861955718,2.539473684210526,1.8333333333333333,0.05309734513274336,12.0,226.0,0.09050588322836056,0.08393193899016631,0.07511838172611437,0.001591268702393154,0.40350877192982454,0.9342105263157895,0.9342105263157895,0.2375406781832377,4.155555555555556,4.911111111111111,0.044444444444444446,2.0,45.0,0.10151564743783739,0.08965851465861002,0.13607463555203544,0.0017850867446718944,0.4666666666666667,0.8444444444444444,0.8444444444444444,True
3,0.0003,0.1749909504463798,2.504385964912281,1.6929824561403508,0.048672566371681415,11.0,226.0,0.09034632094073713,0.08362170883960891,0.07415262191442021,0.0015734419773484351,0.40350877192982454,0.9385964912280702,0.9385964912280702,0.23538291917906867,4.155555555555556,4.911111111111111,0.044444444444444446,2.0,45.0,0.10126980443795522,0.08977006706926557,0.13365342203113767,0.0017290418217372563,0.4666666666666667,0.8444444444444444,0.8444444444444444,True
4,0.0003,0.174006597776162,2.4649122807017543,1.631578947368421,0.04424778761061947,10.0,226.0,0.09010767662211468,0.08348484651038521,0.07328151088011892,0.0015217037691735115,0.40350877192982454,0.9429824561403509,0.9429824561403509,0.23171708186467488,4.2,4.911111111111111,0.044444444444444446,2.0,45.0,0.10088696678479513,0.08966076456838185,0.12961024857229655,0.0016245419431167344,0.4444444444444444,0.8444444444444444,0.8444444444444444,False
5,0.0003,0.17099424360091225,2.4517543859649122,1.6359649122807018,0.04424778761061947,10.0,226.0,0.08978685553659473,0.08411699481177748,0.06970033683536346,0.001413460248461568,0.41228070175438597,0.9429824561403509,0.9429824561403509,0.22627821266651155,4.2,4.933333333333334,0.044444444444444446,2.0,45.0,0.10022863944371542,0.09247191349665324,0.12261709140406715,0.0014287596736620699,0.4222222222222222,0.8444444444444444,0.8444444444444444,False
6,0.0003,0.16908185027147593,2.3508771929824563,1.530701754385965,0.035398230088495575,8.0,226.0,0.08919552465279897,0.0877992263750026,0.06669899448752403,0.0012490831918267307,0.42105263157894735,0.9473684210526315,0.9473684210526315,0.21925384667184616,3.9555555555555557,3.888888888888889,0.0,0.0,45.0,0.09954838256041208,0.0924055516719818,0.11476309365696377,0.0011554584696164562,0.4222222222222222,0.8888888888888888,0.8888888888888888,True
7,0.0003,0.16151824423618483,2.3596491228070176,1.3991228070175439,0.030973451327433628,7.0,226.0,0.08838790263000287,0.08917660592940815,0.057786937280182256,0.0009854119313903375,0.41228070175438597,0.9517543859649122,0.9517543859649122,0.18256685733795167,4.066666666666666,3.933333333333333,0.0,0.0,45.0,0.09736283090379504,0.10994356705082788,0.06513117204109828,0.0007734410240017395,0.37777777777777777,0.8888888888888888,0.8888888888888888,False
8,0.0003,0.15542454651573248,2.412280701754386,1.4210526315789473,0.030973451327433628,7.0,226.0,0.08780505390543687,0.09477888622827697,0.04881842617402997,0.0008738885713699057,0.38596491228070173,0.9517543859649122,0.9517543859649122,0.1748207645283805,2.977777777777778,2.422222222222222,0.0,0.0,45.0,0.09709324108229743,0.10133378671275245,0.05903854187991884,0.0006436816947421499,0.4,0.9333333333333333,0.9333333333333333,True
9,0.0003,0.14357047214319832,2.5,1.2149122807017543,0.01327433628318584,3.0,226.0,0.08690168224928672,0.09988172953588921,0.03327107377219619,0.0005827391233097968,0.35964912280701755,0.9649122807017544,0.9649122807017544,0.14704319073094263,3.0444444444444443,2.466666666666667,0.0,0.0,45.0,0.0959930572244856,0.10536522583829032,0.02421149073375596,0.0004758017910186633,0.37777777777777777,0.9333333333333333,0.9333333333333333,False
10,0.0003,0.1384714470620741,2.486842105263158,1.0526315789473684,0.008849557522123894,2.0,226.0,0.08663301601221687,0.09859339330802884,0.02774285982575333,0.0004408199821644004,0.35526315789473684,0.9692982456140351,0.9692982456140351,0.1408648603492313,3.0444444444444443,2.466666666666667,0.0,0.0,45.0,0.09556458277834787,0.10521679868300755,0.01709849726822641,0.0003762529776028916,0.37777777777777777,0.9333333333333333,0.9333333333333333,False
11,0.0003,0.13169618329980917,2.5701754385964914,1.0657894736842106,0.008849557522123894,2.0,226.0,0.08611194710982473,0.09930174026572913,0.01967959393534744,0.00033358479953419015,0.30701754385964913,0.9692982456140351,0.9692982456140351,0.13991831342379252,3.066666666666667,2.422222222222222,0.0,0.0,45.0,0.09563325444857279,0.09794617394606273,0.018572297195593515,0.0002891454559479219,0.37777777777777777,0.9333333333333333,0.9333333333333333,False
12,0.0003,0.1274905476653785,2.469298245614035,1.0570175438596492,0.008849557522123894,2.0,226.0,0.08601647157940948,0.09072660811637577,0.017762848551858935,0.00030541790206344363,0.36403508771929827,0.9692982456140351,0.9692982456140351,0.13737620479530757,2.933333333333333,2.466666666666667,0.0,0.0,45.0,0.09510472847355736,0.10117381463448206,0.014859854843881396,0.00020964732836843168,0.4222222222222222,0.9333333333333333,0.9333333333333333,True
13,0.0003,0.1250679095586141,2.460526315789474,1.0570175438596492,0.008849557522123894,2.0,226.0,0.0858159275692806,0.08958675098000911,0.01541869852103685,0.00027330908950962764,0.35964912280701755,0.9692982456140351,0.9692982456140351,0.1380580160352919,3.977777777777778,3.511111111111111,0.0,0.0,45.0,0.09531440171930525,0.09798816872967614,0.01665515551964442,0.0001535882771861452,0.37777777777777777,0.9111111111111111,0.9111111111111111,False
14,0.0003,0.12428495300966397,2.4649122807017543,1.0657894736842106,0.008849557522123894,2.0,226.0,0.08563699821631114,0.09008034736963741,0.014484602059319354,0.00024112273919220032,0.36403508771929827,0.9692982456140351,0.9692982456140351,0.1375483254591624,3.0,2.466666666666667,0.0,0.0,45.0,0.09489291624890434,0.10211331894000371,0.014999168945683374,0.0001471490671564071,0.4222222222222222,0.9333333333333333,0.9333333333333333,False
15,0.0003,0.12200505743946946,2.307017543859649,0.9254385964912281,0.004424778761061947,1.0,226.0,0.08541400521470789,0.09143293439819102,0.011414294637608947,0.00019823770040502248,0.39035087719298245,0.9736842105263158,0.9736842105263158,0.1368494580189387,3.933333333333333,3.511111111111111,0.0,0.0,45.0,0.09527033236291674,0.0928418924411138,0.017123664832777448,0.00018417095270548443,0.37777777777777777,0.9111111111111111,0.9111111111111111,False
16,0.0003,0.12119396815174505,2.4298245614035086,1.0657894736842106,0.008849557522123894,2.0,226.0,0.08539821246736928,0.08668523098815951,0.012200420885755304,0.00019898571790412134,0.3815789473684211,0.9692982456140351,0.9692982456140351,0.13231088088618384,3.933333333333333,3.511111111111111,0.0,0.0,45.0,0.09501358833577898,0.09477226154671775,0.011064594901270337,9.291989456556848e-05,0.37777777777777777,0.9111111111111111,0.9111111111111111,False
17,0.0003,0.11990325675721754,2.289473684210526,0.9254385964912281,0.004424778761061947,1.0,226.0,0.08528600254079752,0.08693124000963412,0.010642585132205696,0.00015876435409223276,0.40789473684210525,0.9736842105263158,0.9736842105263158,0.13167504635122088,3.933333333333333,3.5555555555555554,0.0,0.0,45.0,0.09467638896571265,0.09487016499042511,0.010656602266761992,8.216490969819764e-05,0.4222222222222222,0.9111111111111111,0.9111111111111111,False
18,0.0003,0.11917577879993539,2.3026315789473686,0.9298245614035088,0.004424778761061947,1.0,226.0,0.08515658595582895,0.08693748124335941,0.009894798852895436,0.00014739116685142905,0.39473684210526316,0.9736842105263158,0.9736842105263158,0.13032189806302388,3.933333333333333,3.577777777777778,0.0,0.0,45.0,0.0945798503028022,0.09489519264962938,0.00908046712478002,6.077561787694524e-05,0.4222222222222222,0.9111111111111111,0.9111111111111111,False
19,0.0003,0.11865864432694619,2.293859649122807,0.9385964912280702,0.004424778761061947,1.0,226.0,0.08511995118961,0.08633682523903094,0.009522740255322373,0.00012967962668962744,0.3991228070175439,0.9736842105263158,0.9736842105263158,0.12955511179235246,3.888888888888889,3.6,0.0,0.0,45.0,0.09448397292031183,0.0949248269200325,0.008234297153022554,4.169166417074482e-05,0.4444444444444444,0.9111111111111111,0.9111111111111111,False
20,0.0003,0.11807235774763844,2.2850877192982457,0.9298245614035088,0.004424778761061947,1.0,226.0,0.08499324988377721,0.08533396179738797,0.00932471323431584,0.00012765227100983205,0.3991228070175439,0.9736842105263158,0.9736842105263158,0.12906848291556042,3.9555555555555557,3.5555555555555554,0.0,0.0,45.0,0.09452158775594499,0.09224095510111915,0.008584333625104692,4.76021329100086e-05,0.4,0.9111111111111111,0.9111111111111111,False
21,0.0003,0.11817159725908648,2.280701754385965,0.9342105263157895,0.004424778761061947,1.0,226.0,0.08486177994493853,0.08479024169214985,0.00981669742287251,0.0001292362957161034,0.40789473684210525,0.9736842105263158,0.9736842105263158,0.12873795727888743,3.911111111111111,3.5555555555555554,0.0,0.0,45.0,0.0945518049928877,0.09091141406032774,0.008631480319632425,5.0267373347049706e-05,0.4,0.9111111111111111,0.9111111111111111,False
22,0.0003,0.11746347368809215,2.276315789473684,0.9385964912280702,0.004424778761061947,1.0,226.0,0.08486330561470568,0.08431892763627202,0.009107616060135658,0.00012264210767644516,0.4166666666666667,0.9736842105263158,0.9736842105263158,0.12904324564668868,3.8666666666666667,3.577777777777778,0.0,0.0,45.0,0.09446314142809974,0.09033572657240761,0.009337452633513346,6.282388021296251e-05,0.4222222222222222,0.9111111111111111,0.9111111111111111,False
23,0.0003,0.11731610930802529,2.25,0.9342105263157895,0.004424778761061947,1.0,226.0,0.08473211958220131,0.08514106273651123,0.008783098114164252,0.00010126578596639125,0.42543859649122806,0.9736842105263158,0.9736842105263158,0.128365777598487,3.911111111111111,3.6,0.0,0.0,45.0,0.09438604381349351,0.09015981670882967,0.008658896221054925,3.1121318152275516e-05,0.4222222222222222,0.9111111111111111,0.9111111111111111,False
24,0.0003,0.11692657177908379,2.2719298245614037,0.9298245614035088,0.004424778761061947,1.0,226.0,0.08471841221315819,0.0840518061529126,0.008721866040376195,0.0001008245059174474,0.4166666666666667,0.9736842105263158,0.9736842105263158,0.12815406951639388,2.933333333333333,2.533333333333333,0.0,0.0,45.0,0.0942219548755222,0.08989350861973233,0.008697317623429828,4.139102625586588e-05,0.4222222222222222,0.9333333333333333,0.9333333333333333,False
25,0.0003,0.11685802055555478,2.2719298245614037,0.9385964912280702,0.004424778761061947,1.0,226.0,0.08466992265822594,0.08342075779249794,0.00893047700325648,0.00011658090764662016,0.41228070175438597,0.9736842105263158,0.9736842105263158,0.12797850867112479,2.911111111111111,2.533333333333333,0.0,0.0,45.0,0.09406956103112962,0.09016915443870756,0.00856558879216512,3.820598764742537e-05,0.4444444444444444,0.9333333333333333,0.9333333333333333,True
26,0.0003,0.1167763116066916,2.3026315789473686,0.9342105263157895,0.004424778761061947,1.0,226.0,0.08459083657515676,0.08382311946990197,0.008778520189879234,0.0001048210296654925,0.39035087719298245,0.9736842105263158,0.9736842105263158,0.12794333530796898,3.888888888888889,3.6,0.0,0.0,45.0,0.09409579071733687,0.08955178823735979,0.008721803211503558,3.0447421073592157e-05,0.4444444444444444,0.9111111111111111,0.9111111111111111,False
27,0.0003,0.11654353233283027,2.2982456140350878,0.9473684210526315,0.004424778761061947,1.0,226.0,0.08455714753322434,0.08336669062836129,0.008700368501115264,0.00010721106738710509,0.3991228070175439,0.9736842105263158,0.9736842105263158,0.127986341714859,3.911111111111111,3.6,0.0,0.0,45.0,0.09399230314625634,0.09066540532641941,0.008490697294473649,1.2367025487828679e-05,0.4444444444444444,0.9111111111111111,0.9111111111111111,False
28,0.0003,0.11648399788036681,2.276315789473684,0.956140350877193,0.004424778761061947,1.0,226.0,0.08445320892752263,0.08440942918522316,0.008370728738475264,7.583577756809353e-05,0.3991228070175439,0.9736842105263158,0.9736842105263158,0.1276346120569441,3.888888888888889,3.6,0.0,0.0,45.0,0.09407862093713548,0.08898648884561326,0.008572093976868523,1.5789610906555592e-05,0.4222222222222222,0.9111111111111111,0.9111111111111111,False
29,0.0003,0.11654421987763622,2.293859649122807,0.9517543859649122,0.004424778761061947,1.0,226.0,0.0844697842472478,0.08382399157996763,0.008643444627523422,8.320188424899418e-05,0.38596491228070173,0.9736842105263158,0.9736842105263158,0.12761610945065816,3.933333333333333,3.6,0.0,0.0,45.0,0.09406497379144033,0.08879490296045939,0.008639393167363273,7.651395472763056e-06,0.4222222222222222,0.9111111111111111,0.9111111111111111,False
30,0.0003,0.11633043357154779,2.324561403508772,0.956140350877193,0.004424778761061947,1.0,226.0,0.08442139324911854,0.08387009172063124,0.008419882113996306,8.070982017044243e-05,0.37280701754385964,0.9736842105263158,0.9736842105263158,0.12760634587870703,3.911111111111111,3.6,0.0,0.0,45.0,0.09385405083497365,0.08970573445161184,0.008550091832876205,3.3388356318929543e-06,0.4444444444444444,0.9111111111111111,0.9111111111111111,False
31,0.0003,0.11561933264397738,2.293859649122807,0.9517543859649122,0.004424778761061947,1.0,226.0,0.08433455464087035,0.08312015483776729,0.007922096472037466,7.369081997422026e-05,0.39473684210526316,0.9736842105263158,0.9736842105263158,0.12720534106095632,2.8666666666666667,2.6,0.0,0.0,45.0,0.09357474148273467,0.08960058308309979,0.008435165799326367,1.52852746565044e-05,0.5111111111111111,0.9333333333333333,0.9333333333333333,True
32,0.0003,0.11609387345481337,2.31140350877193,0.9517543859649122,0.004424778761061947,1.0,226.0,0.08424122696905806,0.08432054637294066,0.00818329840375666,6.561272176508134e-05,0.37719298245614036,0.9736842105263158,0.9736842105263158,0.1270744634999169,3.888888888888889,3.6,0.0,0.0,45.0,0.0936057428518931,0.08946317384640376,0.008286505440870921,3.7759240616293727e-06,0.4666666666666667,0.9111111111111111,0.9111111111111111,False
33,0.0003,0.11598160496929236,2.324561403508772,0.9517543859649122,0.004424778761061947,1.0,226.0,0.08429251702731116,0.08405901922991402,0.008076239181192298,6.926548149341726e-05,0.37280701754385964,0.9736842105263158,0.9736842105263158,0.12757008671760559,3.888888888888889,3.6,0.0,0.0,45.0,0.09382336801952786,0.08961621622244517,0.008577173203229904,7.567506455252726e-07,0.4666666666666667,0.9111111111111111,0.9111111111111111,False
34,0.0003,0.1154186106041858,2.307017543859649,0.956140350877193,0.004424778761061947,1.0,226.0,0.08418403369815726,0.08329022362043983,0.007798005679720326,6.069335928498475e-05,0.38596491228070173,0.9736842105263158,0.9736842105263158,0.12699637015660603,3.888888888888889,3.6,0.0,0.0,45.0,0.0936306314335929,0.08871616141663657,0.008437278618415197,7.109270111488937e-06,0.4666666666666667,0.9111111111111111,0.9111111111111111,False
35,0.0003,0.11520637558740482,2.307017543859649,0.9517543859649122,0.004424778761061947,1.0,226.0,0.0841069169211806,0.08258931717851706,0.007889333850981896,7.463159788994225e-05,0.39035087719298245,0.9736842105263158,0.9736842105263158,0.1268191162082884,2.888888888888889,2.577777777777778,0.0,0.0,45.0,0.0934592455625534,0.08875945607821147,0.008413911196920606,6.0081570201949335e-06,0.4888888888888889,0.9333333333333333,0.9333333333333333,False
36,0.0003,0.11516096952714418,2.307017543859649,0.956140350877193,0.004424778761061947,1.0,226.0,0.08410893276072386,0.08250615510501359,0.007861302806097165,7.43071474892229e-05,0.39035087719298245,0.9736842105263158,0.9736842105263158,0.12697960005866157,3.888888888888889,3.6,0.0,0.0,45.0,0.09365753928820292,0.08807635423209932,0.008622643931044473,6.921287400984966e-06,0.4666666666666667,0.9111111111111111,0.9111111111111111,False
37,0.0003,0.11502956978061743,2.337719298245614,0.956140350877193,0.004424778761061947,1.0,226.0,0.08403267515333075,0.08248907013943321,0.007800351044065074,6.594905363751776e-05,0.3684210526315789,0.9736842105263158,0.9736842105263158,0.12702106402979957,3.888888888888889,3.6,0.0,0.0,45.0,0.09358204868104723,0.08844478395250109,0.008631229317850537,3.9686674518751235e-06,0.4666666666666667,0.9111111111111111,0.9111111111111111,False
38,0.0003,0.1150533986980455,2.192982456140351,0.7982456140350878,0.004424778761061947,1.0,226.0,0.08397103166371062,0.08296677535563185,0.007728424250033864,6.396105240378677e-05,0.37719298245614036,0.9780701754385965,0.9780701754385965,0.1270274904039171,3.888888888888889,3.6444444444444444,0.0,0.0,45.0,0.0936157504717509,0.08819577660825517,0.00869043328695827,4.385524370833751e-06,0.4666666666666667,0.9111111111111111,0.9111111111111111,False
39,0.0003,0.11489152856040419,2.175438596491228,0.7982456140350878,0.004424778761061947,1.0,226.0,0.08397320893250014,0.08239757753255074,0.007735661181964372,7.011248050842649e-05,0.37719298245614036,0.9780701754385965,0.9780701754385965,0.12655211057927873,3.888888888888889,3.6444444444444444,0.0,0.0,45.0,0.09335828969875971,0.08829014996687572,0.008382680349879795,4.179450607348182e-06,0.4666666666666667,0.9111111111111111,0.9111111111111111,False
40,0.0003,0.11484304318825404,2.1535087719298245,0.7982456140350878,0.004424778761061947,1.0,226.0,0.08394294153702886,0.08294986737401862,0.007506611511895531,6.567110657391109e-05,0.38596491228070173,0.9780701754385965,0.9780701754385965,0.12676769693692524,3.8666666666666667,3.6666666666666665,0.0,0.0,45.0,0.09338376257154676,0.08850057158205245,0.00854103027118577,6.239643111566945e-06,0.5111111111111111,0.9111111111111111,0.9111111111111111,False
41,0.0003,0.11469310861930512,2.1798245614035086,0.8026315789473685,0.004424778761061947,1.0,226.0,0.0839187217908993,0.08286666268842262,0.007382688553709733,5.492048666330131e-05,0.3684210526315789,0.9780701754385965,0.9780701754385965,0.12679355773660872,3.888888888888889,3.6444444444444444,0.0,0.0,45.0,0.09344511263900333,0.08877955112192366,0.008393140385548274,4.3100931885259934e-07,0.4666666666666667,0.9111111111111111,0.9111111111111111,False
42,0.0003,0.11455520987510681,2.1535087719298245,0.793859649122807,0.004424778761061947,1.0,226.0,0.08382121395123632,0.08242878121765036,0.0074973169126008685,5.005204050394412e-05,0.3991228070175439,0.9780701754385965,0.9780701754385965,0.12658799555566574,3.8222222222222224,3.7111111111111112,0.0,0.0,45.0,0.09330396718449063,0.08873064948452844,0.00833089906308386,7.666928871922588e-07,0.5333333333333333,0.9111111111111111,0.9111111111111111,False
43,0.0003,0.11430076718853231,2.192982456140351,0.7894736842105263,0.004424778761061947,1.0,226.0,0.08385342699393891,0.08271130017544094,0.007031806336160292,5.669275626140066e-05,0.36403508771929827,0.9780701754385965,0.9780701754385965,0.1254504038227929,2.8444444444444446,2.6444444444444444,0.0,0.0,45.0,0.09285472946034537,0.08976721515258153,0.007081336031357448,2.941790574794033e-06,0.5111111111111111,0.9333333333333333,0.9333333333333333,False
44,0.0003,0.1151501647474473,2.1710526315789473,0.793859649122807,0.004424778761061947,1.0,226.0,0.08390429589832038,0.08502567690192607,0.007160801244409461,6.348748238727418e-05,0.3815789473684211,0.9780701754385965,0.9780701754385965,0.1289491229587131,3.8,3.7111111111111112,0.0,0.0,45.0,0.09338143865267436,0.09700899405611886,0.008081212557024426,9.663350890834169e-08,0.5111111111111111,0.9111111111111111,0.9111111111111111,False
45,0.0003,0.11487557346883573,2.289473684210526,0.9605263157894737,0.004424778761061947,1.0,226.0,0.08409977573574635,0.0838213851838781,0.0070281969873528735,4.548500136826952e-05,0.40350877192982454,0.9736842105263158,0.9736842105263158,0.1261689047018687,2.8666666666666667,2.6444444444444444,0.0,0.0,45.0,0.0930330173836814,0.08887901885641945,0.008089593880706363,3.358818575390406e-06,0.5111111111111111,0.9333333333333333,0.9333333333333333,False
46,0.0003,0.11413279384897466,2.162280701754386,0.7894736842105263,0.004424778761061947,1.0,226.0,0.08382963964290786,0.08216475630015657,0.007055495849304032,6.218867830242963e-05,0.39473684210526316,0.9780701754385965,0.9780701754385965,0.12575531469451057,2.888888888888889,2.6,0.0,0.0,45.0,0.0930171443356408,0.08814407222800785,0.007868375298049715,1.6396711397624762e-06,0.5111111111111111,0.9333333333333333,0.9333333333333333,False
47,0.0003,0.11429670217790101,2.18859649122807,0.8026315789473685,0.004424778761061947,1.0,226.0,0.08379840131914407,0.08297809880030782,0.006997064801684597,4.811766309992922e-05,0.3684210526315789,0.9780701754385965,0.9780701754385965,0.12638264563348559,3.8666666666666667,3.6666666666666665,0.0,0.0,45.0,0.09314239571491877,0.08899369322591358,0.008177470746967527,1.1102034960291324e-06,0.5111111111111111,0.9111111111111111,0.9111111111111111,False
48,0.0003,0.11406394800073222,2.175438596491228,0.8026315789473685,0.004424778761061947,1.0,226.0,0.08369090395015583,0.08255729340670402,0.0069972036831211625,5.3948374330371766e-05,0.37280701754385964,0.9780701754385965,0.9780701754385965,0.12583425276809268,2.8222222222222224,2.6444444444444444,0.0,0.0,45.0,0.09300139099359513,0.0882763374182913,0.00793703008029196,2.2401997683453423e-06,0.5111111111111111,0.9333333333333333,0.9333333333333333,False
49,0.0003,0.11386489031607644,2.1666666666666665,0.793859649122807,0.004424778761061947,1.0,226.0,0.08364067880208031,0.08214107443366134,0.006967135165867053,5.453315461008957e-05,0.3815789473684211,0.9780701754385965,0.9780701754385965,0.12560415632194943,2.8444444444444446,2.6444444444444444,0.0,0.0,45.0,0.09292091230551401,0.08816967722442415,0.007790055788225598,1.95819050432533e-06,0.5111111111111111,0.9333333333333333,0.9333333333333333,False
50,0.0003,0.11388845663321645,2.210526315789474,0.8070175438596491,0.004424778761061947,1.0,226.0,0.08365040560040557,0.08223874187260344,0.006948042203459823,5.329636598960757e-05,0.3508771929824561,0.9780701754385965,0.9780701754385965,0.12499834762679206,2.8666666666666667,2.6666666666666665,0.0,0.0,45.0,0.09271716243690914,0.08840448409318924,0.0071994622548421225,1.8064835379089713e-06,0.4888888888888889,0.9333333333333333,0.9333333333333333,False
51,0.0003,0.11381555688485764,2.223684210526316,0.8201754385964912,0.004424778761061947,1.0,226.0,0.08357103809452894,0.08253936443412513,0.006843727082014084,5.151213625221829e-05,0.34210526315789475,0.9780701754385965,0.9780701754385965,0.12433583736419677,2.888888888888889,2.6666666666666665,0.0,0.0,45.0,0.09266172183884515,0.08829906185468038,0.006480235937568877,1.3813264712009893e-06,0.4888888888888889,0.9333333333333333,0.9333333333333333,False
52,0.0003,0.11365518235323722,2.0219298245614037,0.7149122807017544,0.004424778761061947,1.0,226.0,0.08361964463664774,0.08390294799679204,0.006071384734751885,5.0293854185136e-05,0.36403508771929827,0.9824561403508771,0.9824561403508771,0.12389577627182007,3.1777777777777776,3.1777777777777776,0.0,0.0,45.0,0.0919574229253663,0.09450549731651942,0.004483154664436976,1.1966644632938678e-06,0.4222222222222222,0.9111111111111111,0.9111111111111111,False
53,0.0003,0.11326593722690616,2.2719298245614037,0.8377192982456141,0.004424778761061947,1.0,226.0,0.08364877405396678,0.08466257991497977,0.00526302739193565,5.3113949638774014e-05,0.30701754385964913,0.9780701754385965,0.9780701754385965,0.12295749617947473,2.8444444444444446,2.6666666666666665,0.0,0.0,45.0,0.09246634542942048,0.08967298020919164,0.004486197812689675,1.9819307566276084e-06,0.5111111111111111,0.9333333333333333,0.9333333333333333,False
54,0.0003,0.1123953025069153,2.026315789473684,0.7149122807017544,0.004424778761061947,1.0,226.0,0.08332532892624538,0.08283898378150505,0.0052629526247058,5.276743115834016e-05,0.35964912280701755,0.9824561403508771,0.9824561403508771,0.12254530853695339,2.8444444444444446,2.7111111111111112,0.0,0.0,45.0,0.09234827293290032,0.08869770914316177,0.0044843463434113395,1.6271096187045783e-06,0.5333333333333333,0.9333333333333333,0.9333333333333333,True
55,0.0003,0.11342135307035948,2.1140350877192984,0.7368421052631579,0.004424778761061947,1.0,226.0,0.08343679144194252,0.08587045575443067,0.005270307197382576,4.784782646930401e-05,0.32894736842105265,0.9824561403508771,0.9824561403508771,0.12571897407372792,3.8666666666666667,3.6666666666666665,0.0,0.0,45.0,0.09320555428663889,0.09221291575166914,0.006061723331610361,1.102417061026194e-06,0.5111111111111111,0.9111111111111111,0.9111111111111111,False
56,0.0003,0.11449513035385232,2.039473684210526,0.6929824561403509,0.004424778761061947,1.0,226.0,0.08361264527366873,0.08773341291306312,0.005693411127778522,5.1541472179665776e-05,0.3684210526315789,0.9824561403508771,0.9824561403508771,0.1261119756433699,3.8444444444444446,3.577777777777778,0.0,0.0,45.0,0.09350792931185828,0.09081202944119772,0.006699658185243607,4.733269214075698e-06,0.4222222222222222,0.9111111111111111,0.9111111111111111,False
57,0.0003,0.1132742127305583,2.2280701754385963,0.8026315789473685,0.004424778761061947,1.0,226.0,0.08363024759710881,0.08403935570988738,0.005530804918523421,5.0090412097474915e-05,0.3201754385964912,0.9780701754385965,0.9780701754385965,0.12423157824410333,2.933333333333333,2.6,0.0,0.0,45.0,0.09286052485307057,0.08906363911098904,0.005814890480703778,3.262164847879963e-07,0.4444444444444444,0.9333333333333333,0.9333333333333333,False
58,0.0003,0.11262730038479755,2.1447368421052633,0.8070175438596491,0.004424778761061947,1.0,226.0,0.08345914540583627,0.08317148816167262,0.005262993929678933,4.208442248491089e-05,0.39473684210526316,0.9780701754385965,0.9780701754385965,0.12285320891274346,2.8222222222222224,2.7111111111111112,0.0,0.0,45.0,0.09241939849323696,0.08912821975019243,0.004619071963760588,5.645532905952501e-07,0.5333333333333333,0.9333333333333333,0.9333333333333333,True
59,0.0003,0.11231039647470441,2.2017543859649122,0.8114035087719298,0.004424778761061947,1.0,226.0,0.08334378662862275,0.08249792012206295,0.005262977721398337,4.5669715325851774e-05,0.35964912280701755,0.9780701754385965,0.9780701754385965,0.12349991963969337,2.8666666666666667,2.6666666666666665,0.0,0.0,45.0,0.09251250856452518,0.0882556857334243,0.005638236552476883,7.707376094382804e-07,0.5111111111111111,0.9333333333333333,0.9333333333333333,False
60,0.0003,0.11208797024007429,2.1842105263157894,0.8201754385964912,0.004424778761061947,1.0,226.0,0.0831988417265708,0.08224044452633775,0.005262923345231174,4.437242597411489e-05,0.35964912280701755,0.9780701754385965,0.9780701754385965,0.12411240537961324,2.911111111111111,2.6,0.0,0.0,45.0,0.09256476908922195,0.08831767307387459,0.006315284553501341,6.941510076371079e-07,0.5111111111111111,0.9333333333333333,0.9333333333333333,False
61,0.0003,0.1120441605647405,2.162280701754386,0.8157894736842105,0.004424778761061947,1.0,226.0,0.08312471080244634,0.0823424986579962,0.005262875766084905,4.266168461569219e-05,0.37719298245614036,0.9780701754385965,0.9780701754385965,0.1234173960155911,2.8,2.7111111111111112,0.0,0.0,45.0,0.09242237541410658,0.08820952276388803,0.005665094239844216,5.735918189358418e-07,0.5555555555555556,0.9333333333333333,0.9333333333333333,True
62,0.0003,0.1118882478852021,2.1666666666666665,0.8157894736842105,0.004424778761061947,1.0,226.0,0.08308448237285279,0.08195704927569941,0.0052629024313207255,4.218978789386928e-05,0.3815789473684211,0.9780701754385965,0.9780701754385965,0.12296233971913656,2.8,2.7111111111111112,0.0,0.0,45.0,0.09225310997830496,0.08830193794435925,0.005273222509357665,4.464991630895001e-07,0.5555555555555556,0.9333333333333333,0.9333333333333333,True
63,0.00015,0.11184294155815191,2.1842105263157894,0.8201754385964912,0.004424778761061947,1.0,226.0,0.08301137492322085,0.0820504787721132,0.005262831324025204,4.104400792645905e-05,0.35964912280701755,0.9780701754385965,0.9780701754385965,0.12419201135635376,2.8444444444444446,2.7111111111111112,0.0,0.0,45.0,0.09253392782476214,0.08791003359688652,0.006606270455651813,3.656744262059419e-07,0.5333333333333333,0.9333333333333333,0.9333333333333333,False
64,0.00015,0.11175276234484556,2.1973684210526314,0.8201754385964912,0.004424778761061947,1.0,226.0,0.08295881303778865,0.08192560468849383,0.005262878903171472,3.9753877766517495e-05,0.3508771929824561,0.9780701754385965,0.9780701754385965,0.12349441217051613,2.8,2.7111111111111112,0.0,0.0,45.0,0.09237585117419561,0.08789463225338194,0.0059376517103777995,3.1212208192342595e-07,0.5555555555555556,0.9333333333333333,0.9333333333333333,False
65,0.00015,0.11173445430763981,2.1491228070175437,0.8114035087719298,0.004424778761061947,1.0,226.0,0.08298058232717347,0.08179234909383874,0.005262826618395354,3.936207771794848e-05,0.3815789473684211,0.9780701754385965,0.9780701754385965,0.12317888339360555,2.8,2.7111111111111112,0.0,0.0,45.0,0.09233161674605475,0.08779892590310838,0.005634433031082154,2.864034278651475e-07,0.5555555555555556,0.9333333333333333,0.9333333333333333,False
66,0.00015,0.11167543342238978,2.0219298245614037,0.7192982456140351,0.004424778761061947,1.0,226.0,0.08293445878907253,0.0817496460257915,0.005262855375022219,3.863876064482041e-05,0.37280701754385964,0.9824561403508771,0.9824561403508771,0.12348347637388442,2.8,2.7111111111111112,0.0,0.0,45.0,0.09234868387381236,0.08773311343457964,0.006018520808882184,2.6665259945040593e-07,0.5555555555555556,0.9333333333333333,0.9333333333333333,False
67,0.00015,0.11165662122923031,2.0219298245614037,0.7192982456140351,0.004424778761061947,1.0,226.0,0.08290630683564303,0.08178094983623739,0.00526279420183416,3.861747901777149e-05,0.3684210526315789,0.9824561403508771,0.9824561403508771,0.1235849549372991,2.8444444444444446,2.7111111111111112,0.0,0.0,45.0,0.09233764790826374,0.08787156873279148,0.006107242819335726,2.5542169672654326e-07,0.5333333333333333,0.9333333333333333,0.9333333333333333,False
68,0.00015,0.11160318880227574,2.0219298245614037,0.7192982456140351,0.004424778761061947,1.0,226.0,0.08288150319927617,0.08168568841198035,0.0052628062273326675,3.82251794030923e-05,0.3684210526315789,0.9824561403508771,0.9824561403508771,0.12390737202432421,2.8444444444444446,2.7111111111111112,0.0,0.0,45.0,0.09241296152273813,0.0877278607752588,0.006470017962985569,2.3511272513814735e-07,0.5333333333333333,0.9333333333333333,0.9333333333333333,False
69,0.00015,0.11158192262314913,1.9912280701754386,0.7192982456140351,0.004424778761061947,1.0,226.0,0.08288364007807615,0.08160746385130965,0.005262837598198338,3.8483821299813285e-05,0.39473684210526316,0.9824561403508771,0.9824561403508771,0.12327866488032871,2.8444444444444446,2.7111111111111112,0.0,0.0,45.0,0.09222017725308736,0.08803162640995449,0.005811217344469494,1.7517345321947807e-07,0.5333333333333333,0.9333333333333333,0.9333333333333333,False
70,0.00015,0.11157677152700592,2.017543859649123,0.7236842105263158,0.004424778761061947,1.0,226.0,0.08281724377159487,0.0818126825125594,0.005262730414407295,3.691703620266755e-05,0.37719298245614036,0.9824561403508771,0.9824561403508771,0.12386109232902527,2.8444444444444446,2.7111111111111112,0.0,0.0,45.0,0.09237372908327314,0.08781605793370141,0.0064281481007734936,1.685508021326893e-07,0.5333333333333333,0.9333333333333333,0.9333333333333333,False
71,0.00015,0.11153709770817506,1.9956140350877194,0.7324561403508771,0.004424778761061947,1.0,226.0,0.08282271968690973,0.0816617764924702,0.005262779039249085,3.747249546145377e-05,0.37719298245614036,0.9824561403508771,0.9824561403508771,0.12365998758210076,2.8444444444444446,2.7111111111111112,0.0,0.0,45.0,0.09229442046748268,0.08783076902230581,0.00627038578192393,1.8887202931515565e-07,0.5333333333333333,0.9333333333333333,0.9333333333333333,False
72,7.5e-05,0.11152850640447516,1.9824561403508771,0.7280701754385965,0.004424778761061947,1.0,226.0,0.08278721793178927,0.0817520074677049,0.005262695906455056,3.6857978293752434e-05,0.39035087719298245,0.9824561403508771,0.9824561403508771,0.12411171032322778,2.8,2.7111111111111112,0.0,0.0,45.0,0.09245725075403849,0.08780160115824806,0.006642439464728037,1.7091005778772466e-07,0.5555555555555556,0.9333333333333333,0.9333333333333333,False
73,7.5e-05,0.11148420106946376,1.9649122807017543,0.7236842105263158,0.004424778761061947,1.0,226.0,0.08279757554593839,0.0815697904480131,0.005262765968055056,3.649424065144447e-05,0.3991228070175439,0.9824561403508771,0.9824561403508771,0.12346937259038289,2.8666666666666667,2.7111111111111112,0.0,0.0,45.0,0.09228628327449163,0.08768248922295041,0.0060978983839352924,1.4834627175059406e-07,0.5333333333333333,0.9333333333333333,0.9333333333333333,False
74,7.5e-05,0.11143870873932253,2.017543859649123,0.7280701754385965,0.004424778761061947,1.0,226.0,0.08274706609939274,0.08158674574734871,0.005262725708777444,3.625053960441218e-05,0.37280701754385964,0.9824561403508771,0.9824561403508771,0.1238089276684655,2.8444444444444446,2.7111111111111112,0.0,0.0,45.0,0.0923655327823427,0.0877725096212493,0.006389523628685209,1.5029162816728973e-07,0.5333333333333333,0.9333333333333333,0.9333333333333333,False
75,7.5e-05,0.11142944805977638,1.9956140350877194,0.7368421052631579,0.004424778761061947,1.0,226.0,0.08274152378241222,0.08157445242007573,0.005262700089237146,3.618042311343232e-05,0.39035087719298245,0.9824561403508771,0.9824561403508771,0.12365002930164337,2.8666666666666667,2.7111111111111112,0.0,0.0,45.0,0.09232394612497753,0.08775923632913166,0.006247861435015997,1.430594602533672e-07,0.5333333333333333,0.9333333333333333,0.9333333333333333,False
76,7.5e-05,0.11140278674531401,1.9956140350877194,0.7280701754385965,0.004424778761061947,1.0,226.0,0.08274893018237331,0.08146075943582937,0.005262729368711773,3.6302553380612864e-05,0.39035087719298245,0.9824561403508771,0.9824561403508771,0.1234395166238149,2.8666666666666667,2.7111111111111112,0.0,0.0,45.0,0.09228785385688146,0.08762471857998107,0.006080275939570533,1.3785089491877597e-07,0.5333333333333333,0.9333333333333333,0.9333333333333333,False
77,7.5e-05,0.11142551506820478,2.0219298245614037,0.7412280701754386,0.004424778761061947,1.0,226.0,0.0826995315258963,0.08170174598171,0.005262642575983415,3.562750593406271e-05,0.37280701754385964,0.9824561403508771,0.9824561403508771,0.12370929486221738,2.8666666666666667,2.7111111111111112,0.0,0.0,45.0,0.09231659223635992,0.08785303483406702,0.006295959403117498,1.3964818208725107e-07,0.5333333333333333,0.9333333333333333,0.9333333333333333,False
78,7.5e-05,0.1113915647331037,1.9780701754385965,0.7280701754385965,0.004424778761061947,1.0,226.0,0.08271673204083192,0.08153102978279717,0.005262647804461028,3.602753321952817e-05,0.39035087719298245,0.9824561403508771,0.9824561403508771,0.12340758707788256,2.8444444444444446,2.7111111111111112,0.0,0.0,45.0,0.09225084102816052,0.08777498106161753,0.006030292063951492,1.299242286990755e-07,0.5333333333333333,0.9333333333333333,0.9333333333333333,False
79,7.5e-05,0.11203183024598841,1.9912280701754386,0.7456140350877193,0.004424778761061947,1.0,226.0,0.08273631425803168,0.08159304083439342,0.0060144741284219845,4.016221436393756e-05,0.39035087719298245,0.9824561403508771,0.9824561403508771,0.12364374531639946,2.8444444444444446,2.7111111111111112,0.0,0.0,45.0,0.09231977330313788,0.08767566283543905,0.006276567694213656,1.322337508577773e-07,0.5333333333333333,0.9333333333333333,0.9333333333333333,False
80,7.5e-05,0.11192985663288518,1.9824561403508771,0.7456140350877193,0.004424778761061947,1.0,226.0,0.08267177719818919,0.08146833079425912,0.006014461057227955,4.0078415525554996e-05,0.39035087719298245,0.9824561403508771,0.9824561403508771,0.12318261398209465,2.8,2.7111111111111112,0.0,0.0,45.0,0.0922106996178627,0.08781606654326121,0.005783844573630227,1.1463571727679225e-07,0.5555555555555556,0.9333333333333333,0.9333333333333333,False
81,3.75e-05,0.11135662294793547,1.986842105263158,0.7412280701754386,0.004424778761061947,1.0,226.0,0.08266956973494145,0.08157238534145188,0.00526260963657446,3.4995541219432185e-05,0.39473684210526316,0.9824561403508771,0.9824561403508771,0.12350668509801228,2.8,2.7111111111111112,0.0,0.0,45.0,0.09226610130733914,0.0878394732872645,0.006110906849304835,1.0536669282264674e-07,0.5555555555555556,0.9333333333333333,0.9333333333333333,False
82,3.75e-05,0.11129588123999144,1.9912280701754386,0.75,0.004424778761061947,1.0,226.0,0.08263644942066126,0.0814803837422739,0.005262603885249088,3.48848271489422e-05,0.39035087719298245,0.9824561403508771,0.9824561403508771,0.12351138161288368,2.8,2.7111111111111112,0.0,0.0,45.0,0.09227169586552514,0.08782184852494133,0.006116391635603375,1.0723130774683811e-07,0.5555555555555556,0.9333333333333333,0.9333333333333333,False
83,3.75e-05,0.11129668354988098,1.9780701754385965,0.7412280701754386,0.004424778761061947,1.0,226.0,0.08264556435639397,0.0814525866717623,0.005262615910747595,3.500167807785251e-05,0.39473684210526316,0.9824561403508771,0.9824561403508771,0.12338546779420641,2.8,2.7111111111111112,0.0,0.0,45.0,0.09224417077170478,0.08777708709239959,0.006010195530123181,1.0508310446244452e-07,0.5555555555555556,0.9333333333333333,0.9333333333333333,False
84,3.75e-05,0.11129280114383028,1.986842105263158,0.7412280701754386,0.004424778761061947,1.0,226.0,0.08263720754991498,0.08146753920274868,0.005262611205117744,3.494824247667779e-05,0.39473684210526316,0.9824561403508771,0.9824561403508771,0.12334536479579078,2.7555555555555555,2.7333333333333334,0.0,0.0,45.0,0.09224024679925706,0.08774787998861737,0.005975923107730018,1.0585230992720006e-07,0.5777777777777777,0.9333333333333333,0.9333333333333333,True
85,3.75e-05,0.11127409103669618,1.9824561403508771,0.7456140350877193,0.004424778761061947,1.0,226.0,0.0826273174923763,0.08143815123721172,0.005262615387899834,3.489975102720101e-05,0.39473684210526316,0.9824561403508771,0.9824561403508771,0.12339978416760762,2.8,2.7111111111111112,0.0,0.0,45.0,0.0922384124663141,0.08781155215369331,0.006022365474038654,1.0095718051673765e-07,0.5555555555555556,0.9333333333333333,0.9333333333333333,False
86,3.75e-05,0.11126997230345742,1.9780701754385965,0.75,0.004424778761061947,1.0,226.0,0.08262048269573011,0.08144723375638326,0.005262615910747595,3.484430133885438e-05,0.3991228070175439,0.9824561403508771,0.9824561403508771,0.12351145148277283,2.7555555555555555,2.7333333333333334,0.0,0.0,45.0,0.0922551562388738,0.08783616953425938,0.0061317863563696545,1.0155007450002923e-07,0.5777777777777777,0.9333333333333333,0.9333333333333333,False
87,3.75e-05,0.11186358476417106,1.9824561403508771,0.7368421052631579,0.004424778761061947,1.0,226.0,0.08262395427415245,0.08140733759654195,0.006014424457884671,3.925971198988424e-05,0.39473684210526316,0.9824561403508771,0.9824561403508771,0.1234662241405911,2.8,2.7111111111111112,0.0,0.0,45.0,0.09224414775768916,0.08783601820468903,0.006089068783654107,1.0127987962121271e-07,0.5555555555555556,0.9333333333333333,0.9333333333333333,False
88,3.75e-05,0.11185259816416523,1.9824561403508771,0.75,0.004424778761061947,1.0,226.0,0.0826119724334332,0.08141075453737326,0.006014417138016015,3.908959350438662e-05,0.3991228070175439,0.9824561403508771,0.9824561403508771,0.12341552045610216,2.7111111111111112,2.7555555555555555,0.0,0.0,45.0,0.09223607778549195,0.08779553125301996,0.0060509603056642745,9.501874667083854e-08,0.6,0.9333333333333333,0.9333333333333333,True
89,3.75e-05,0.11124470934533236,1.9780701754385965,0.75,0.004424778761061947,1.0,226.0,0.08260756182043176,0.08140624223048226,0.005262599179619237,3.4636890764006784e-05,0.3991228070175439,0.9824561403508771,0.9824561403508771,0.12344112330012852,2.7555555555555555,2.7333333333333334,0.0,0.0,45.0,0.0922429621219635,0.08786345107687844,0.006048890865511364,9.627925070778944e-08,0.5777777777777777,0.9333333333333333,0.9333333333333333,False
90,1.875e-05,0.11125029911074721,1.9912280701754386,0.7456140350877193,0.004424778761061947,1.0,226.0,0.08260118791408706,0.08144612074421163,0.005262611727965505,3.455622885250393e-05,0.3991228070175439,0.9824561403508771,0.9824561403508771,0.12337731719017028,2.688888888888889,2.7555555555555555,0.0,0.0,45.0,0.09222545905245674,0.08784301744567023,0.0059986753596199885,9.263596157567852e-08,0.6,0.9333333333333333,0.9333333333333333,True
91,1.875e-05,0.11121562476220884,1.9824561403508771,0.7456140350877193,0.004424778761061947,1.0,226.0,0.08258775438655887,0.08137537107655876,0.0052625913369028195,3.456824614428317e-05,0.3991228070175439,0.9824561403508771,0.9824561403508771,0.12339798543188307,2.7555555555555555,2.7333333333333334,0.0,0.0,45.0,0.09223084847132365,0.0878776341676712,0.006004788478215535,9.317230183923818e-08,0.5777777777777777,0.9333333333333333,0.9333333333333333,False
92,1.875e-05,0.11120722808858804,1.9736842105263157,0.75,0.004424778761061947,1.0,226.0,0.08258549633779023,0.0813549146579023,0.005262597088228192,3.452735098579465e-05,0.3991228070175439,0.9824561403508771,0.9824561403508771,0.12350433667500814,2.688888888888889,2.7555555555555555,0.0,0.0,45.0,0.09225085377693176,0.08790164606438743,0.006103718446360694,9.234155311757222e-08,0.6,0.9333333333333333,0.9333333333333333,False
93,1.875e-05,0.11120493631613881,1.9824561403508771,0.7456140350877193,0.004424778761061947,1.0,226.0,0.08258319554621713,0.08135498275882319,0.005262593428293864,3.447049143972122e-05,0.3991228070175439,0.9824561403508771,0.9824561403508771,0.12342181536886428,2.688888888888889,2.7555555555555555,0.0,0.0,45.0,0.0922359930144416,0.08785107963614994,0.006038103832138909,9.15268706701432e-08,0.6,0.9333333333333333,0.9333333333333333,False
94,1.875e-05,0.11120107286331947,1.9780701754385965,0.7456140350877193,0.004424778761061947,1.0,226.0,0.08258152177982163,0.08134765138751582,0.005262590291207297,3.454983997653242e-05,0.3991228070175439,0.9824561403508771,0.9824561403508771,0.12346715629100799,2.688888888888889,2.7555555555555555,0.0,0.0,45.0,0.09224480291207632,0.08791132900449965,0.006061179108089871,9.226021879804591e-08,0.6,0.9333333333333333,0.9333333333333333,False
95,1.875e-05,0.11120322660395973,1.9780701754385965,0.7456140350877193,0.004424778761061947,1.0,226.0,0.08257867866440823,0.08136435650419771,0.005262589245511775,3.445754842970752e-05,0.3991228070175439,0.9824561403508771,0.9824561403508771,0.12339740395545959,2.688888888888889,2.7555555555555555,0.0,0.0,45.0,0.09222263147433599,0.0878587856888771,0.006021403604083591,9.01469978195932e-08,0.6,0.9333333333333333,0.9333333333333333,False
96,1.875e-05,0.11119349117864642,1.9780701754385965,0.7456140350877193,0.004424778761061947,1.0,226.0,0.08256847986526657,0.08136594387000068,0.005262573037231178,3.445943741570888e-05,0.40350877192982454,0.9824561403508771,0.9824561403508771,0.12339838643868764,2.688888888888889,2.7555555555555555,0.0,0.0,45.0,0.09222721490595076,0.08789585514201058,0.006003005305926005,9.117146647271331e-08,0.6,0.9333333333333333,0.9333333333333333,False
97,1.875e-05,0.11119419074895089,1.9736842105263157,0.7456140350877193,0.004424778761061947,1.0,226.0,0.08257229691534712,0.08135549318895005,0.005262579834252073,3.453769931639934e-05,0.3991228070175439,0.9824561403508771,0.9824561403508771,0.12340423729684617,2.688888888888889,2.7555555555555555,0.0,0.0,45.0,0.09222491317325168,0.08788719276587169,0.0060164378748999705,9.259265709468975e-08,0.6,0.9333333333333333,0.9333333333333333,False
98,1.875e-05,0.11118737242200918,1.9824561403508771,0.7456140350877193,0.004424778761061947,1.0,226.0,0.08256802158920389,0.08134702475447404,0.005262575651469983,3.454771620563591e-05,0.3991228070175439,0.9824561403508771,0.9824561403508771,0.12334280908107757,2.688888888888889,2.7555555555555555,0.0,0.0,45.0,0.09221078438891304,0.08785733448134528,0.005968513174189461,9.08731545839419e-08,0.6,0.9333333333333333,0.9333333333333333,True
99,9.375e-06,0.11118504940940623,1.969298245614035,0.7456140350877193,0.004424778761061947,1.0,226.0,0.08256830863262478,0.08133838652518757,0.005262570945840133,3.444836743668567e-05,0.3991228070175439,0.9824561403508771,0.9824561403508771,0.12349567347102695,2.688888888888889,2.7555555555555555,0.0,0.0,45.0,0.09224343647559484,0.08795191695292791,0.006083313872416814,8.922951245043325e-08,0.6,0.9333333333333333,0.9333333333333333,False
100,9.375e-06,0.11177470443541543,1.9780701754385965,0.7456140350877193,0.004424778761061947,1.0,226.0,0.08255840785670698,0.08132980790054589,0.006014362761848851,3.908727696686964e-05,0.40350877192982454,0.9824561403508771,0.9824561403508771,0.12338360018200345,2.688888888888889,2.7555555555555555,0.0,0.0,45.0,0.09222176588243908,0.08789861268467374,0.005990293870369593,8.742053173459318e-08,0.6,0.9333333333333333,0.9333333333333333,False
101,9.375e-06,0.11117369511671234,1.9780701754385965,0.7456140350877193,0.004424778761061947,1.0,226.0,0.08256061466639503,0.08132622234131161,0.005262574605774461,3.435064165135128e-05,0.40350877192982454,0.9824561403508771,0.9824561403508771,0.12345568339029948,2.688888888888889,2.7555555555555555,0.0,0.0,45.0,0.0922339657942454,0.08793490926424662,0.006051536318328645,8.927979979015769e-08,0.6,0.9333333333333333,0.9333333333333333,False
102,9.375e-06,0.11117325304893025,1.9780701754385965,0.7456140350877193,0.004424778761061947,1.0,226.0,0.082557076686307,0.08133660439859357,0.005262558397493865,3.431319165847956e-05,0.40350877192982454,0.9824561403508771,0.9824561403508771,0.12337766620847913,2.688888888888889,2.7555555555555555,0.0,0.0,45.0,0.0922173645761278,0.08792061126894421,0.005980127801497777,8.751217361386349e-08,0.6,0.9333333333333333,0.9333333333333333,False
103,9.375e-06,0.11116479494069752,1.9780701754385965,0.7456140350877193,0.004424778761061947,1.0,226.0,0.08255300579363839,0.08132190191954897,0.005262566763058044,3.4423489511222016e-05,0.40350877192982454,0.9824561403508771,0.9824561403508771,0.1234373582734002,2.688888888888889,2.7555555555555555,0.0,0.0,45.0,0.09222967707448536,0.08793762094444699,0.006032973693476783,8.929764099274706e-08,0.6,0.9333333333333333,0.9333333333333333,False
104,9.375e-06,0.11116373931106768,1.9824561403508771,0.7456140350877193,0.004424778761061947,1.0,226.0,0.08255301285208318,0.08131842106057886,0.0052625636259714765,3.431958906887878e-05,0.3991228070175439,0.9824561403508771,0.9824561403508771,0.12343032956123352,2.688888888888889,2.7555555555555555,0.0,0.0,45.0,0.09222725845045514,0.08793968756993611,0.006026438789235221,8.729221040818894e-08,0.6,0.9333333333333333,0.9333333333333333,False
105,9.375e-06,0.11116185483702443,1.9780701754385965,0.7456140350877193,0.004424778761061947,1.0,226.0,0.08255093636219962,0.08131907174461767,0.005262562580275954,3.4306377605860425e-05,0.40350877192982454,0.9824561403508771,0.9824561403508771,0.12340197629398769,2.688888888888889,2.7555555555555555,0.0,0.0,45.0,0.09222072296672397,0.08793119821283553,0.0060023462606800925,8.736251467183425e-08,0.6,0.9333333333333333,0.9333333333333333,False
106,9.375e-06,0.11116077397999011,1.9780701754385965,0.7456140350877193,0.004424778761061947,1.0,226.0,0.08254824474192503,0.08132444622746685,0.005262550554777447,3.436158230077735e-05,0.40350877192982454,0.9824561403508771,0.9824561403508771,0.1234001593457328,2.688888888888889,2.7555555555555555,0.0,0.0,45.0,0.09221891446246042,0.08794353604316711,0.005997712661822637,8.65606892460254e-08,0.6,0.9333333333333333,0.9333333333333333,False
107,9.375e-06,0.11115592469771703,1.9780701754385965,0.75,0.004424778761061947,1.0,226.0,0.08254893921446382,0.0813059481350999,0.005262559966037148,3.4346123438131494e-05,0.40350877192982454,0.9824561403508771,0.9824561403508771,0.123424051867591,2.688888888888889,2.7555555555555555,0.0,0.0,45.0,0.09222573406166501,0.08793004486295912,0.0060241126351886325,8.859466192519723e-08,0.6,0.9333333333333333,0.9333333333333333,False
108,4.6875e-06,0.11115830600784536,1.9824561403508771,0.7456140350877193,0.004424778761061947,1.0,226.0,0.08254799142218473,0.0813170714597953,0.005262559443189387,3.4298329117712476e-05,0.40350877192982454,0.9824561403508771,0.9824561403508771,0.1233590367767546,2.688888888888889,2.7555555555555555,0.0,0.0,45.0,0.0922119387322002,0.0879105849398507,0.0059673874742454955,8.634170447496814e-08,0.6,0.9333333333333333,0.9333333333333333,False
109,4.6875e-06,0.11115157852570216,1.9780701754385965,0.7456140350877193,0.004424778761061947,1.0,226.0,0.08254619491727729,0.08130054737915073,0.005262562580275954,3.44506744252656e-05,0.40350877192982454,0.9824561403508771,0.9824561403508771,0.12340423034297096,2.688888888888889,2.7555555555555555,0.0,0.0,45.0,0.09221749785873624,0.08793692837158838,0.00600705055726899,8.743549464451661e-08,0.6,0.9333333333333333,0.9333333333333333,False
110,4.6875e-06,0.11115074314569172,1.9780701754385965,0.7456140350877193,0.004424778761061947,1.0,226.0,0.0825417539791057,0.08131266816666252,0.005262554214711775,3.428908535438672e-05,0.40350877192982454,0.9824561403508771,0.9824561403508771,0.12337005105283526,2.688888888888889,2.7555555555555555,0.0,0.0,45.0,0.09220925321181615,0.08791997813516193,0.005980988177988264,8.623509288627516e-08,0.6,0.9333333333333333,0.9333333333333333,False
111,4.6875e-06,0.11114756906764549,1.9736842105263157,0.7456140350877193,0.004424778761061947,1.0,226.0,0.08254007838274303,0.0813076779769178,0.005262554214711775,3.42845960571544e-05,0.40350877192982454,0.9824561403508771,0.9824561403508771,0.12337608105606503,2.688888888888889,2.7555555555555555,0.0,0.0,45.0,0.09221239073408974,0.08793200933270984,0.005980093197690116,8.600409410074327e-08,0.6,0.9333333333333333,0.9333333333333333,False
112,4.6875e-06,0.11114794878583205,1.9780701754385965,0.7456140350877193,0.004424778761061947,1.0,226.0,0.08254136563393108,0.08130465147265217,0.005262557874646103,3.42652575606339e-05,0.40350877192982454,0.9824561403508771,0.9824561403508771,0.12339805828200447,2.688888888888889,2.7555555555555555,0.0,0.0,45.0,0.09221683392922084,0.08793167687124676,0.006002136651012633,8.57343501772492e-08,0.6,0.9333333333333333,0.9333333333333333,False
113,4.6875e-06,0.11114501770128284,1.9780701754385965,0.7456140350877193,0.004424778761061947,1.0,226.0,0.08253976323625498,0.08130001864935223,0.00526255630610282,3.468226418764943e-05,0.40350877192982454,0.9824561403508771,0.9824561403508771,0.12338805662261115,2.688888888888889,2.7555555555555555,0.0,0.0,45.0,0.09221471167272992,0.08793617288271587,0.005990597440136803,8.557042923129643e-08,0.6,0.9333333333333333,0.9333333333333333,False
114,4.6875e-06,0.11114337321436196,1.9780701754385965,0.7456140350877193,0.004424778761061947,1.0,226.0,0.08253817756970723,0.08130001525084178,0.005262550554777447,3.433021323265652e-05,0.40350877192982454,0.9824561403508771,0.9824561403508771,0.12341247664557563,2.688888888888889,2.7555555555555555,0.0,0.0,45.0,0.09221837570269903,0.08795323040750291,0.00601014859146542,8.59735494401153e-08,0.6,0.9333333333333333,0.9333333333333333,False
115,4.6875e-06,0.11114303833037092,1.9824561403508771,0.7456140350877193,0.004424778761061947,1.0,226.0,0.08253695240669083,0.08130304319293875,0.00526254794053864,3.422364463703427e-05,0.40350877192982454,0.9824561403508771,0.9824561403508771,0.12339049809508854,2.688888888888889,2.7555555555555555,0.0,0.0,45.0,0.09221225745148129,0.0879425648185942,0.005994319750203027,8.444508702668921e-08,0.6,0.9333333333333333,0.9333333333333333,False
116,4.6875e-06,0.11114071361851274,1.9780701754385965,0.7456140350877193,0.004424778761061947,1.0,226.0,0.08253639191389084,0.08129717854031346,0.005262548986234163,3.418388700341385e-05,0.40350877192982454,0.9824561403508771,0.9824561403508771,0.12338432537184821,2.688888888888889,2.7555555555555555,0.0,0.0,45.0,0.09221142646339205,0.0879404667350981,0.005988428907261954,8.384321327831796e-08,0.6,0.9333333333333333,0.9333333333333333,False
117,2.34375e-06,0.11114217288661421,1.9780701754385965,0.7456140350877193,0.004424778761061947,1.0,226.0,0.08253660026872367,0.08130134432985071,0.00526254794053864,3.420039907620289e-05,0.40350877192982454,0.9824561403508771,0.9824561403508771,0.12337608436743418,2.688888888888889,2.7555555555555555,0.0,0.0,45.0,0.09220839920971129,0.08794080134895113,0.005981785721249051,8.349819312266268e-08,0.6,0.9333333333333333,0.9333333333333333,False
118,2.34375e-06,0.11113858079178292,1.9780701754385965,0.7456140350877193,0.004424778761061947,1.0,226.0,0.0825348957850222,0.08129502545323289,0.005262548463386402,3.425589687439525e-05,0.40350877192982454,0.9824561403508771,0.9824561403508771,0.12340219815572102,2.688888888888889,2.7555555555555555,0.0,0.0,45.0,0.09221317999892764,0.08795364052057267,0.006003638439708286,8.393903541866384e-08,0.6,0.9333333333333333,0.9333333333333333,False
119,2.34375e-06,0.11113792670923367,1.9780701754385965,0.7456140350877193,0.004424778761061947,1.0,226.0,0.0825340491637849,0.08129549693120153,0.005262546894843118,3.459643904340934e-05,0.40350877192982454,0.9824561403508771,0.9824561403508771,0.1233699513806237,2.688888888888889,2.7555555555555555,0.0,0.0,45.0,0.0922073839439286,0.08793689989381366,0.005976854181951947,8.327363721299324e-08,0.6,0.9333333333333333,0.9333333333333333,False
120,2.34375e-06,0.11113590341910981,1.9780701754385965,0.7456140350877193,0.004424778761061947,1.0,226.0,0.08253313169667595,0.08129203594044636,0.005262544280604312,3.4165444372578315e-05,0.40350877192982454,0.9824561403508771,0.9824561403508771,0.1233638796541426,2.688888888888889,2.7555555555555555,0.0,0.0,45.0,0.09220594962437947,0.08793285373184416,0.005972577217552397,8.312620133960674e-08,0.6,0.9333333333333333,0.9333333333333333,False
